delta_true,N,order,replicate
1,20,d0,1
1,50,d0,1
1,100,d0,1
1,200,d0,1
1,20,d0,2
1,50,d0,2
1,100,d0,2
1,200,d0,2
1,20,d0,3
1,50,d0,3
1,100,d0,3
1,200,d0,3
1,20,d0,4
1,50,d0,4
1,100,d0,4
1,200,d0,4
1,20,d0,5
1,50,d0,5
1,100,d0,5
1,200,d0,5
1,20,d0,6
1,50,d0,6
1,100,d0,6
1,200,d0,6
1,20,d0,7
1,50,d0,7
1,100,d0,7
1,200,d0,7
1,20,d0,8
1,50,d0,8
1,100,d0,8
1,200,d0,8
1,20,d0,9
1,50,d0,9
1,100,d0,9
1,200,d0,9
1,20,d0,10
1,50,d0,10
1,100,d0,10
1,200,d0,10
1,20,d0,11
1,50,d0,11
1,100,d0,11
1,200,d0,11
1,20,d0,12
1,50,d0,12
1,100,d0,12
1,200,d0,12
1,20,d0,13
1,50,d0,13
1,100,d0,13
1,200,d0,13
1,20,d0,14
1,50,d0,14
1,100,d0,14
1,200,d0,14
1,20,d0,15
1,50,d0,15
1,100,d0,15
1,200,d0,15
1,20,d0,16
1,50,d0,16
1,100,d0,16
1,200,d0,16
1,20,d0,17
1,50,d0,17
1,100,d0,17
1,200,d0,17
1,20,d0,18
1,50,d0,18
1,100,d0,18
1,200,d0,18
1,20,d0,19
1,50,d0,19
1,100,d0,19
1,200,d0,19
1,20,d0,20
1,50,d0,20
1,100,d0,20
1,200,d0,20
1,20,d0,21
1,50,d0,21
1,100,d0,21
1,200,d0,21
1,20,d0,22
1,50,d0,22
1,100,d0,22
1,200,d0,22
1,20,d0,23
1,50,d0,23
1,100,d0,23
1,200,d0,23
1,20,d0,24
1,50,d0,24
1,100,d0,24
1,200,d0,24
1,20,d0,25
1,50,d0,25
1,100,d0,25
1,200,d0,25
1,20,d0,26
1,50,d0,26
1,100,d0,26
1,200,d0,26
1,20,d0,27
1,50,d0,27
1,100,d0,27
1,200,d0,27
1,20,d0,28
1,50,d0,28
1,100,d0,28
1,200,d0,28
1,20,d0,29
1,50,d0,29
1,100,d0,29
1,200,d0,29
1,20,d0,30
1,50,d0,30
1,100,d0,30
1,200,d0,30
1,20,d0,31
1,50,d0,31
1,100,d0,31
1,200,d0,31
1,20,d0,32
1,50,d0,32
1,100,d0,32
1,200,d0,32
1,20,d0,33
1,50,d0,33
1,100,d0,33
1,200,d0,33
1,20,d0,34
1,50,d0,34
1,100,d0,34
1,200,d0,34
1,20,d0,35
1,50,d0,35
1,100,d0,35
1,200,d0,35
1,20,d0,36
1,50,d0,36
1,100,d0,36
1,200,d0,36
1,20,d0,37
1,50,d0,37
1,100,d0,37
1,200,d0,37
1,20,d0,38
1,50,d0,38
1,100,d0,38
1,200,d0,38
1,20,d0,39
1,50,d0,39
1,100,d0,39
1,200,d0,39
1,20,d0,40
1,50,d0,40
1,100,d0,40
1,200,d0,40
1,20,d0,41
1,50,d0,41
1,100,d0,41
1,200,d0,41
1,20,d0,42
1,50,d0,42
1,100,d0,42
1,200,d0,42
1,20,d0,43
1,50,d0,43
1,100,d0,43
1,200,d0,43
1,20,d0,44
1,50,d0,44
1,100,d0,44
1,200,d0,44
1,20,d0,45
1,50,d0,45
1,100,d0,45
1,200,d0,45
1,20,d0,46
1,50,d0,46
1,100,d0,46
1,200,d0,46
1,20,d0,47
1,50,d0,47
1,100,d0,47
1,200,d0,47
1,20,d0,48
1,50,d0,48
1,100,d0,48
1,200,d0,48
1,20,d0,49
1,50,d0,49
1,100,d0,49
1,200,d0,49
1,20,d0,50
1,50,d0,50
1,100,d0,50
1,200,d0,50
