delta_true,N,order,replicate,draw_id,delta_draw
1,500,d0,1,1,21.50606622509935
1,500,d0,1,6,1.338594566840119
1,500,d0,1,11,2.8888070440616618
1,500,d0,1,16,2.7713343608777836
1,500,d0,1,21,1.1541813178589468
1,500,d0,1,26,2.9358068226554197
1,500,d0,1,31,0.9904433671376158
1,500,d0,1,36,3.3953605463822436
1,500,d0,1,41,4.485965018486604
1,500,d0,1,46,9.597983488841683
1,500,d0,1,51,0.8021939990611756
1,500,d0,1,56,1.3462926691775254
1,500,d0,1,61,2.2495079340420268
1,500,d0,1,66,0.9668690971157943
1,500,d0,1,71,1.987904756683059
1,500,d0,1,76,2.393463679216089
1,500,d0,1,81,1.0848208051677937
1,500,d0,1,86,3.4363478695679257
1,500,d0,1,91,0.930851362154251
1,500,d0,1,96,1.2564999052533126
1,500,d0,1,101,2.237521296853372
1,500,d0,1,106,1.1727589071417084
1,500,d0,1,111,3.1992274504124043
1,500,d0,1,116,0.8211754456052655
1,500,d0,1,121,0.414965840075164
1,500,d0,1,126,1.598442326836586
1,500,d0,1,131,2.5643975495288496
1,500,d0,1,136,0.42107001483957696
1,500,d0,1,141,0.5577428206236508
1,500,d0,1,146,0.4812445713098799
1,500,d0,1,151,1.6229386722013166
1,500,d0,1,156,2.4294895584043426
1,500,d0,1,161,0.4860700348881302
1,500,d0,1,166,1.1491022822438048
1,500,d0,1,171,4.19569349052436
1,500,d0,1,176,1.1001799571007098
1,500,d0,1,181,0.6123969580372111
1,500,d0,1,186,0.818397424024373
1,500,d0,1,191,0.5361231513261534
1,500,d0,1,196,1.9580029763068272
1,500,d0,1,201,4.233238851071102
1,500,d0,1,206,0.468636721131859
1,500,d0,1,211,2.6384790786115513
1,500,d0,1,216,1.2770078288087712
1,500,d0,1,221,1.6387344060836353
1,500,d0,1,226,2.427980174925364
1,500,d0,1,231,1.771195844853695
1,500,d0,1,236,0.4400196586159694
1,500,d0,1,241,2.317645960946484
1,500,d0,1,246,1.4658577168169742
1,500,d0,1,251,6.323941108386485
1,500,d0,1,256,0.7109308109420308
1,500,d0,1,261,2.0463475232684307
1,500,d0,1,266,0.7207161506946257
1,500,d0,1,271,2.154676611957699
1,500,d0,1,276,1.8887136152489357
1,500,d0,1,281,1.340576600482901
1,500,d0,1,286,2.189741631844078
1,500,d0,1,291,4.138458417454591
1,500,d0,1,296,1.4440491822116739
1,500,d0,1,301,5.163577309000368
1,500,d0,1,306,1.081030669182537
1,500,d0,1,311,1.437802775682984
1,500,d0,1,316,1.6783233135504882
1,500,d0,1,321,0.9119373551264592
1,500,d0,1,326,1.4690515648400562
1,500,d0,1,331,0.613606350395414
1,500,d0,1,336,4.853996208539069
1,500,d0,1,341,5.634615133380901
1,500,d0,1,346,1.309212030579622
1,500,d0,1,351,16.56361879205614
1,500,d0,1,356,1.405634021521769
1,500,d0,1,361,2.9627961451186198
1,500,d0,1,366,5.479028063728048
1,500,d0,1,371,0.26134198749608073
1,500,d0,1,376,2.856984512512927
1,500,d0,1,381,7.8025740326216235
1,500,d0,1,386,3.4017955592251323
1,500,d0,1,391,3.498087999218706
1,500,d0,1,396,1.0511543995177977
1,500,d0,1,401,2.3362074859321837
1,500,d0,1,406,1.7912183049677723
1,500,d0,1,411,1.7304889527345644
1,500,d0,1,416,0.5011317693055474
1,500,d0,1,421,2.2000679619441987
1,500,d0,1,426,0.7373798732999822
1,500,d0,1,431,1.3485991429656854
1,500,d0,1,436,0.5289442796760924
1,500,d0,1,441,1.0898497327913075
1,500,d0,1,446,4.016481477411248
1,500,d0,1,451,0.47017731141301966
1,500,d0,1,456,0.7132090435540628
1,500,d0,1,461,0.8409023824415587
1,500,d0,1,466,3.680138336185515
1,500,d0,1,471,1.6839749054687942
1,500,d0,1,476,1.9847726018189233
1,500,d0,1,481,3.0967040560600836
1,500,d0,1,486,1.1662973215011754
1,500,d0,1,491,0.9733709524341373
1,500,d0,1,496,2.505707140873533
1,500,d0,1,501,4.655510323569965
1,500,d0,1,506,1.0160319032177612
1,500,d0,1,511,5.105943176771341
1,500,d0,1,516,3.696162381161575
1,500,d0,1,521,0.3261294792221947
1,500,d0,1,526,4.495404303366389
1,500,d0,1,531,5.85643643152861
1,500,d0,1,536,1.6472598785868897
1,500,d0,1,541,1.2532374499089376
1,500,d0,1,546,2.470240186014287
1,500,d0,1,551,1.4975908408722505
1,500,d0,1,556,2.1885141445665433
1,500,d0,1,561,0.47658601468985456
1,500,d0,1,566,4.774593527831056
1,500,d0,1,571,1.8249215510152785
1,500,d0,1,576,2.741951599767652
1,500,d0,1,581,1.23436764991896
1,500,d0,1,586,2.049497844200988
1,500,d0,1,591,0.4223070928498389
1,500,d0,1,596,2.5240754083190473
1,500,d0,1,601,1.1996293592675455
1,500,d0,1,606,0.775407401987608
1,500,d0,1,611,1.4017370617637135
1,500,d0,1,616,0.8764704167513099
1,500,d0,1,621,0.830470092589761
1,500,d0,1,626,1.4828915173773483
1,500,d0,1,631,3.5048969495499254
1,500,d0,1,636,3.4414657982627177
1,500,d0,1,641,1.5518102150113318
1,500,d0,1,646,1.7503976854257566
1,500,d0,1,651,1.8104612934749802
1,500,d0,1,656,4.496847318365758
1,500,d0,1,661,1.1753321583844132
1,500,d0,1,666,3.579664524403278
1,500,d0,1,671,0.5761047237475748
1,500,d0,1,676,1.6780080977673224
1,500,d0,1,681,0.5096277658607721
1,500,d0,1,686,0.7195552256254744
1,500,d0,1,691,0.6664861698543825
1,500,d0,1,696,2.5186629086814443
1,500,d0,1,701,1.7859027849580549
1,500,d0,1,706,2.906602952319361
1,500,d0,1,711,0.7397078072681614
1,500,d0,1,716,1.6975808579776988
1,500,d0,1,721,0.6191283591777532
1,500,d0,1,726,0.2672436974258087
1,500,d0,1,731,2.902052068828124
1,500,d0,1,736,0.8859635905069481
1,500,d0,1,741,3.72359833614201
1,500,d0,1,746,0.4943925784412339
1,500,d0,1,751,2.7033855922899193
1,500,d0,1,756,0.7854772574777441
1,500,d0,1,761,2.4098441158785775
1,500,d0,1,766,2.1233997394940003
1,500,d0,1,771,1.3131000351800244
1,500,d0,1,776,0.49165346925652315
1,500,d0,1,781,3.2390453703544075
1,500,d0,1,786,0.865441216381608
1,500,d0,1,791,1.4978942454030268
1,500,d0,1,796,1.218427089948133
1,500,d0,1,801,2.1162043265426846
1,500,d0,1,806,3.8584601816992623
1,500,d0,1,811,1.9248742510804036
1,500,d0,1,816,1.5748477094166846
1,500,d0,1,821,3.8615474892406847
1,500,d0,1,826,0.7642808926052165
1,500,d0,1,831,2.7182065434263523
1,500,d0,1,836,0.3991979056908246
1,500,d0,1,841,1.6699179101084907
1,500,d0,1,846,0.44601808223724704
1,500,d0,1,851,2.552180683062132
1,500,d0,1,856,2.818390418988346
1,500,d0,1,861,0.8166848703094066
1,500,d0,1,866,2.3247629580204316
1,500,d0,1,871,2.7665413370499716
1,500,d0,1,876,1.9577250556670638
1,500,d0,1,881,2.721335387063227
1,500,d0,1,886,1.8439194652545468
1,500,d0,1,891,1.122780435331273
1,500,d0,1,896,4.022527228965653
1,500,d0,1,901,0.9900795839989583
1,500,d0,1,906,1.7504746960720856
1,500,d0,1,911,2.9875825090899317
1,500,d0,1,916,2.676709290444892
1,500,d0,1,921,0.9170697251915939
1,500,d0,1,926,4.6416467187316695
1,500,d0,1,931,0.937591671836053
1,500,d0,1,936,0.8738526103114139
1,500,d0,1,941,0.7880363959496534
1,500,d0,1,946,0.5934020211590609
1,500,d0,1,951,1.4766084918109155
1,500,d0,1,956,1.3798336600890095
1,500,d0,1,961,2.601770109463884
1,500,d0,1,966,8.602258455252143
1,500,d0,1,971,2.5627177935226957
1,500,d0,1,976,1.288573189817343
1,500,d0,1,981,0.4953060488435364
1,500,d0,1,986,3.204874664609797
1,500,d0,1,991,1.9979181033802258
1,500,d0,1,996,4.308451610517857
1,500,d0,1,1001,1.007563295108292
1,500,d0,1,1006,0.543148536000187
1,500,d0,1,1011,2.0017556319630563
1,500,d0,1,1016,1.268596408178461
1,500,d0,1,1021,1.2441378100421918
1,500,d0,1,1026,2.5814046865303095
1,500,d0,1,1031,3.625120668572491
1,500,d0,1,1036,1.3276506739313032
1,500,d0,1,1041,1.4376563312584372
1,500,d0,1,1046,0.4775634643526536
1,500,d0,1,1051,0.8578681651447019
1,500,d0,1,1056,1.1336856939197233
1,500,d0,1,1061,0.4366448705082208
1,500,d0,1,1066,3.477834225344669
1,500,d0,1,1071,2.7549670006064795
1,500,d0,1,1076,3.484635195622308
1,500,d0,1,1081,0.8969571310285662
1,500,d0,1,1086,2.9568176842748173
1,500,d0,1,1091,1.2387770724352842
1,500,d0,1,1096,3.0853130990594124
1,500,d0,1,1101,1.2691785606165062
1,500,d0,1,1106,1.5891172511006695
1,500,d0,1,1111,0.9754771670990644
1,500,d0,1,1116,3.7673323948864397
1,500,d0,1,1121,1.0592383800091183
1,500,d0,1,1126,1.4420589073599122
1,500,d0,1,1131,2.189344731304083
1,500,d0,1,1136,0.9683219324638562
1,500,d0,1,1141,11.958739129751583
1,500,d0,1,1146,2.3197890687118288
1,500,d0,1,1151,1.7378739437962643
1,500,d0,1,1156,3.225727022606731
1,500,d0,1,1161,1.300607885846803
1,500,d0,1,1166,1.4914451901751073
1,500,d0,1,1171,3.4777253935756636
1,500,d0,1,1176,1.3460531291994904
1,500,d0,1,1181,1.7129400476569903
1,500,d0,1,1186,1.2865390489371156
1,500,d0,1,1191,0.6206541915137372
1,500,d0,1,1196,0.6942332808221182
1,500,d0,1,1201,0.3594044291368825
1,500,d0,1,1206,0.9609471151326688
1,500,d0,1,1211,2.6705920818567384
1,500,d0,1,1216,0.6724406295347473
1,500,d0,1,1221,0.502184982369721
1,500,d0,1,1226,2.738134399559877
1,500,d0,1,1231,0.31275164069673794
1,500,d0,1,1236,1.184869874312014
1,500,d0,1,1241,0.7539642273084083
1,500,d0,1,1246,1.6500234644192506
1,500,d0,1,1251,0.551441385133889
1,500,d0,1,1256,8.751237885381148
1,500,d0,1,1261,1.1845040271647962
1,500,d0,1,1266,1.0437554413995531
1,500,d0,1,1271,4.159296533333008
1,500,d0,1,1276,0.9062891140682101
1,500,d0,1,1281,2.3017704214679355
1,500,d0,1,1286,0.36716867508368045
1,500,d0,1,1291,1.490561095532769
1,500,d0,1,1296,0.5022813972919518
1,500,d0,1,1301,6.323013691643064
1,500,d0,1,1306,1.4654595122640686
1,500,d0,1,1311,0.7020430746622993
1,500,d0,1,1316,12.969417985990583
1,500,d0,1,1321,2.047301186930046
1,500,d0,1,1326,0.8804393593346066
1,500,d0,1,1331,3.089473298811292
1,500,d0,1,1336,3.775167407768821
1,500,d0,1,1341,0.38096820194744874
1,500,d0,1,1346,0.7793973669034947
1,500,d0,1,1351,3.358974207208148
1,500,d0,1,1356,0.9118358751258929
1,500,d0,1,1361,1.4466772025041033
1,500,d0,1,1366,1.6050935023965525
1,500,d0,1,1371,1.0405782879162013
1,500,d0,1,1376,0.9791490550881773
1,500,d0,1,1381,0.9007358553948439
1,500,d0,1,1386,0.4209683966052061
1,500,d0,1,1391,2.001239344223794
1,500,d0,1,1396,2.228180218151642
1,500,d0,1,1401,4.329711410792191
1,500,d0,1,1406,1.1763403623153859
1,500,d0,1,1411,0.9475463985116356
1,500,d0,1,1416,0.35716663846943425
1,500,d0,1,1421,0.6903661997585469
1,500,d0,1,1426,3.19534633315961
1,500,d0,1,1431,0.5430630257437695
1,500,d0,1,1436,5.0186264872416055
1,500,d0,1,1441,1.5077692889687169
1,500,d0,1,1446,1.9716578692780466
1,500,d0,1,1451,0.9859852882044333
1,500,d0,1,1456,1.6987261185646054
1,500,d0,1,1461,1.479483128528892
1,500,d0,1,1466,1.9751301577969298
1,500,d0,1,1471,5.776719845474952
1,500,d0,1,1476,0.581311766529423
1,500,d0,1,1481,0.6876650559089021
1,500,d0,1,1486,2.3648789118457736
1,500,d0,1,1491,2.458355725919065
1,500,d0,1,1496,2.2975238800362026
1,500,d0,1,1501,1.4168641150866446
1,500,d0,1,1506,1.2852925413520597
1,500,d0,1,1511,2.151466014997141
1,500,d0,1,1516,2.5196836728275493
1,500,d0,1,1521,1.432234803913071
1,500,d0,1,1526,2.0803228567533205
1,500,d0,1,1531,1.2625902918339151
1,500,d0,1,1536,1.9958584209387717
1,500,d0,1,1541,1.9856376769155446
1,500,d0,1,1546,0.6385973457343638
1,500,d0,1,1551,0.9965283354118317
1,500,d0,1,1556,0.9354066687854377
1,500,d0,1,1561,3.018115200015244
1,500,d0,1,1566,1.3603106537218448
1,500,d0,1,1571,3.7803564335320337
1,500,d0,1,1576,4.8523527697413265
1,500,d0,1,1581,0.593053011116821
1,500,d0,1,1586,5.037069392426774
1,500,d0,1,1591,2.637445119048847
1,500,d0,1,1596,3.3089092077972104
1,500,d0,1,1601,3.2379319190258817
1,500,d0,1,1606,2.9708945129211757
1,500,d0,1,1611,1.630842974462153
1,500,d0,1,1616,6.6567212544017504
1,500,d0,1,1621,1.4784850022806526
1,500,d0,1,1626,0.8410059885863993
1,500,d0,1,1631,4.310829925726313
1,500,d0,1,1636,3.2997249002536395
1,500,d0,1,1641,0.7849638867034561
1,500,d0,1,1646,2.4954329631465453
1,500,d0,1,1651,0.5713619225030145
1,500,d0,1,1656,0.2634116248777008
1,500,d0,1,1661,0.7262065025766721
1,500,d0,1,1666,6.927226932605182
1,500,d0,1,1671,2.968473141898504
1,500,d0,1,1676,0.6696944165589803
1,500,d0,1,1681,2.138156235099028
1,500,d0,1,1686,1.5958503503257746
1,500,d0,1,1691,0.5599964488532645
1,500,d0,1,1696,2.1136539189586854
1,500,d0,1,1701,0.4377441723759135
1,500,d0,1,1706,0.7982632071893858
1,500,d0,1,1711,2.9624032785809815
1,500,d0,1,1716,0.47817044309538803
1,500,d0,1,1721,1.549299494975911
1,500,d0,1,1726,3.1362385470535714
1,500,d0,1,1731,4.356725752943366
1,500,d0,1,1736,1.727482164948558
1,500,d0,1,1741,1.4679291562675907
1,500,d0,1,1746,1.9972031503636563
1,500,d0,1,1751,0.7545052177807436
1,500,d0,1,1756,2.6200388060392745
1,500,d0,1,1761,1.606466468867778
1,500,d0,1,1766,2.430155783036735
1,500,d0,1,1771,2.0479387960843507
1,500,d0,1,1776,1.824893241754303
1,500,d0,1,1781,1.7251042906669907
1,500,d0,1,1786,1.6091186350948337
1,500,d0,1,1791,0.7264423132804735
1,500,d0,1,1796,3.087181809210654
1,500,d0,1,1801,3.6313317536775753
1,500,d0,1,1806,1.9535218377458519
1,500,d0,1,1811,1.2893756900820434
1,500,d0,1,1816,3.7268701574534564
1,500,d0,1,1821,1.4010508217939803
1,500,d0,1,1826,1.137595412670901
1,500,d0,1,1831,1.041880896202106
1,500,d0,1,1836,3.8373667352339127
1,500,d0,1,1841,2.7413634115075496
1,500,d0,1,1846,2.8412975716917366
1,500,d0,1,1851,1.5411362099819457
1,500,d0,1,1856,3.7348495186210298
1,500,d0,1,1861,2.33823491996555
1,500,d0,1,1866,0.3793525600449319
1,500,d0,1,1871,0.6833656490831399
1,500,d0,1,1876,0.794132526728802
1,500,d0,1,1881,2.082467256987377
1,500,d0,1,1886,2.55587809333043
1,500,d0,1,1891,4.6044119395361305
1,500,d0,1,1896,0.842964162577411
1,500,d0,1,1901,0.5774868152098802
1,500,d0,1,1906,0.6153825058062337
1,500,d0,1,1911,1.7805772723797775
1,500,d0,1,1916,2.0810112464442994
1,500,d0,1,1921,3.877656567538816
1,500,d0,1,1926,1.5928060457980007
1,500,d0,1,1931,1.0216176392766199
1,500,d0,1,1936,1.431312385903153
1,500,d0,1,1941,4.234146663280586
1,500,d0,1,1946,1.5206709271899859
1,500,d0,1,1951,0.4581873830453484
1,500,d0,1,1956,1.3301144079375897
1,500,d0,1,1961,2.875831330756627
1,500,d0,1,1966,5.444303029909563
1,500,d0,1,1971,0.637468074267968
1,500,d0,1,1976,1.6007092331430235
1,500,d0,1,1981,1.356110558069877
1,500,d0,1,1986,1.6681332673175537
1,500,d0,1,1991,5.8324250760780645
1,500,d0,1,1996,2.795872686507712
1,500,d0,1,2001,4.444606804057951
1,500,d0,1,2006,4.203307715654402
1,500,d0,1,2011,1.834229887238008
1,500,d0,1,2016,0.6107703441598034
1,500,d0,1,2021,1.416251425378499
1,500,d0,1,2026,1.7372366529614762
1,500,d0,1,2031,4.8412801996069295
1,500,d0,1,2036,2.4729689080939283
1,500,d0,1,2041,2.163123282021661
1,500,d0,1,2046,1.0120522894431825
1,500,d0,1,2051,0.6246269548004979
1,500,d0,1,2056,2.1569279751783466
1,500,d0,1,2061,4.304076799748035
1,500,d0,1,2066,3.4963858083120374
1,500,d0,1,2071,2.7867960893206267
1,500,d0,1,2076,3.300510911284518
1,500,d0,1,2081,1.4757664187675756
1,500,d0,1,2086,0.737355513166632
1,500,d0,1,2091,0.7817593700378174
1,500,d0,1,2096,1.7881400794372673
1,500,d0,1,2101,0.9472696160989934
1,500,d0,1,2106,1.2206531091767618
1,500,d0,1,2111,1.446392620884614
1,500,d0,1,2116,0.5354005936225813
1,500,d0,1,2121,2.4031995766854175
1,500,d0,1,2126,2.8571318605864247
1,500,d0,1,2131,1.696799143955643
1,500,d0,1,2136,1.9528352260088477
1,500,d0,1,2141,1.6131419847298565
1,500,d0,1,2146,1.0795639378343527
1,500,d0,1,2151,1.4480992355854736
1,500,d0,1,2156,0.7277065473185912
1,500,d0,1,2161,2.537347878756817
1,500,d0,1,2166,1.6941358528406778
1,500,d0,1,2171,6.663650088948633
1,500,d0,1,2176,0.6157566862302295
1,500,d0,1,2181,4.330699733939557
1,500,d0,1,2186,1.1274947973662477
1,500,d0,1,2191,0.6034541330196183
1,500,d0,1,2196,1.3470348748181797
1,500,d0,1,2201,0.7542460330073248
1,500,d0,1,2206,0.4556170213098175
1,500,d0,1,2211,0.9460094436829516
1,500,d0,1,2216,3.0977954345769083
1,500,d0,1,2221,5.447776274924322
1,500,d0,1,2226,1.1054434560492246
1,500,d0,1,2231,0.8967251117242511
1,500,d0,1,2236,0.8384139801552262
1,500,d0,1,2241,2.1521061992991566
1,500,d0,1,2246,0.5071834429625753
1,500,d0,1,2251,2.147391593326263
1,500,d0,1,2256,1.4779406153669896
1,500,d0,1,2261,0.6340173612745551
1,500,d0,1,2266,5.3118869364074
1,500,d0,1,2271,1.0301023147355455
1,500,d0,1,2276,1.8440223943938523
1,500,d0,1,2281,2.3040019730717214
1,500,d0,1,2286,12.289221126362937
1,500,d0,1,2291,1.8843241078208586
1,500,d0,1,2296,2.0922341933619095
1,500,d0,1,2301,1.3721097351363212
1,500,d0,1,2306,1.8815774045696518
1,500,d0,1,2311,1.6188450510809127
1,500,d0,1,2316,0.48799853400572896
1,500,d0,1,2321,1.8648006410405158
1,500,d0,1,2326,5.1140711922952065
1,500,d0,1,2331,4.723584351096841
1,500,d0,1,2336,1.4465166353423817
1,500,d0,1,2341,0.903538472688425
1,500,d0,1,2346,3.1437678920855574
1,500,d0,1,2351,0.7540859958491406
1,500,d0,1,2356,2.1397771227886357
1,500,d0,1,2361,2.5630360630718494
1,500,d0,1,2366,5.2468498675395185
1,500,d0,1,2371,1.8308233359700667
1,500,d0,1,2376,2.004589514583146
1,500,d0,1,2381,2.841495412926097
1,500,d0,1,2386,1.2310394267061227
1,500,d0,1,2391,1.860949746503454
1,500,d0,1,2396,1.009170066576854
1,500,d0,1,2401,0.4506719130095303
1,500,d0,1,2406,1.051999256242811
1,500,d0,1,2411,0.6330413078924441
1,500,d0,1,2416,4.468555076629395
1,500,d0,1,2421,0.21381172192136158
1,500,d0,1,2426,1.8172994153278346
1,500,d0,1,2431,2.623588949511668
1,500,d0,1,2436,6.021029530075859
1,500,d0,1,2441,1.967758564128377
1,500,d0,1,2446,1.122699072586914
1,500,d0,1,2451,0.8480234648979573
1,500,d0,1,2456,2.033472735906236
1,500,d0,1,2461,2.761395364978595
1,500,d0,1,2466,2.9685372399439114
1,500,d0,1,2471,2.423468318677464
1,500,d0,1,2476,1.3060924056662806
1,500,d0,1,2481,5.054658172307519
1,500,d0,1,2486,1.0467116330254242
1,500,d0,1,2491,2.485109548555522
1,500,d0,1,2496,1.7096962348353422
1,500,d0,1,2501,3.3621630458396967
1,500,d0,1,2506,0.8834611938857102
1,500,d0,1,2511,0.8203249091718683
1,500,d0,1,2516,1.0459175632240885
1,500,d0,1,2521,1.347290058682523
1,500,d0,1,2526,2.253734235446476
1,500,d0,1,2531,0.9814790755342779
1,500,d0,1,2536,0.9876106704501059
1,500,d0,1,2541,2.8426016055484773
1,500,d0,1,2546,4.051476374488752
1,500,d0,1,2551,1.5373391068856308
1,500,d0,1,2556,0.8049834505864264
1,500,d0,1,2561,2.054972808247076
1,500,d0,1,2566,0.6762742894191999
1,500,d0,1,2571,1.2776046820452907
1,500,d0,1,2576,1.9785687589966063
1,500,d0,1,2581,3.187307270252226
1,500,d0,1,2586,3.0528418257356913
1,500,d0,1,2591,1.200327155014229
1,500,d0,1,2596,1.1215210994095666
1,500,d0,1,2601,0.710634830898958
1,500,d0,1,2606,6.715014680197084
1,500,d0,1,2611,2.740959021013969
1,500,d0,1,2616,3.806153439758464
1,500,d0,1,2621,4.691443746025928
1,500,d0,1,2626,1.7545919705075406
1,500,d0,1,2631,0.3680035574129044
1,500,d0,1,2636,3.2184926267272562
1,500,d0,1,2641,0.6440405930551548
1,500,d0,1,2646,0.5966967293998999
1,500,d0,1,2651,2.9553361550522887
1,500,d0,1,2656,0.9927295426410607
1,500,d0,1,2661,1.4105295920717436
1,500,d0,1,2666,2.189913174161686
1,500,d0,1,2671,1.8989465687342364
1,500,d0,1,2676,0.5672943643005504
1,500,d0,1,2681,1.2228587384538947
1,500,d0,1,2686,1.0189941525778452
1,500,d0,1,2691,1.6507345569490997
1,500,d0,1,2696,1.4063174876448634
1,500,d0,1,2701,1.38001072188168
1,500,d0,1,2706,1.7624568889330088
1,500,d0,1,2711,1.6035389804016833
1,500,d0,1,2716,2.7289703676353487
1,500,d0,1,2721,0.49659442431393513
1,500,d0,1,2726,0.32023092824960364
1,500,d0,1,2731,6.115720619066979
1,500,d0,1,2736,1.7017312565733838
1,500,d0,1,2741,4.240032152472333
1,500,d0,1,2746,0.4769101766133799
1,500,d0,1,2751,5.101867514562534
1,500,d0,1,2756,1.4482612142043245
1,500,d0,1,2761,1.6282378533460116
1,500,d0,1,2766,5.186957657877088
1,500,d0,1,2771,2.7093833187398224
1,500,d0,1,2776,9.873158634639758
1,500,d0,1,2781,0.5446722901073099
1,500,d0,1,2786,0.6800557092983216
1,500,d0,1,2791,3.250526121323078
1,500,d0,1,2796,0.6343404593648484
1,500,d0,1,2801,3.5839315315622233
1,500,d0,1,2806,1.855472298209087
1,500,d0,1,2811,3.8095688168465185
1,500,d0,1,2816,0.7784154227293251
1,500,d0,1,2821,0.5044854281955167
1,500,d0,1,2826,1.3331149338331854
1,500,d0,1,2831,1.0792206980807513
1,500,d0,1,2836,2.251568970328226
1,500,d0,1,2841,1.876650605061824
1,500,d0,1,2846,1.3462788321794394
1,500,d0,1,2851,0.711846700343583
1,500,d0,1,2856,3.9077943761821907
1,500,d0,1,2861,1.7855522693658574
1,500,d0,1,2866,4.155804498341472
1,500,d0,1,2871,1.4806709628730097
1,500,d0,1,2876,0.8921074026135745
1,500,d0,1,2881,3.7218693789541906
1,500,d0,1,2886,2.1854736665498775
1,500,d0,1,2891,0.5138690119646928
1,500,d0,1,2896,0.5913713194871059
1,500,d0,1,2901,0.6163261426120553
1,500,d0,1,2906,0.40165871591965496
1,500,d0,1,2911,0.734872020174321
1,500,d0,1,2916,3.929331498588045
1,500,d0,1,2921,0.4948330176140548
1,500,d0,1,2926,0.28772206892799657
1,500,d0,1,2931,0.7405608860262538
1,500,d0,1,2936,0.4366857302632012
1,500,d0,1,2941,1.1261253257007033
1,500,d0,1,2946,2.3234061601059
1,500,d0,1,2951,2.444779437499851
1,500,d0,1,2956,1.3173299870488628
1,500,d0,1,2961,2.0497758025736745
1,500,d0,1,2966,2.8774176869881987
1,500,d0,1,2971,2.1522374338146655
1,500,d0,1,2976,2.119374297213701
1,500,d0,1,2981,1.270168801629389
1,500,d0,1,2986,14.983046170004352
1,500,d0,1,2991,2.686050847199722
1,500,d0,1,2996,1.002286022420934
