delta_true,N,order,replicate,log_bf10_bridge,bf10_bridge,bridge_alt_logml,bridge_null_logml
2,20,d0,1,0.11975123841453694,1.1272164085581438,9.13591529807365,9.016164059659113
2,20,d1,1,0.1965705745087991,1.2172212226368087,9.20760190288143,9.011031328372631
2,20,d2,1,0.20643483429239673,1.2292876242089985,9.205788086583219,8.999353252290822
2,20,d3,1,0.1921390875954483,1.2118390570242248,9.210372924589386,9.018233836993938
2,50,d0,1,6.707946309525333,818.8871705982599,35.98082489078932,29.27287858126399
2,50,d1,1,6.8960033794864515,988.3168843645195,36.16490701337696,29.26890363389051
2,50,d2,1,6.942193293051961,1035.0378686025804,36.217548686806374,29.275355393754413
2,50,d3,1,6.959773628789396,1053.395071932556,36.238572096863656,29.27879846807426
2,100,d0,1,18.986952977381257,176168763.55130672,72.11782147246825,53.13086849508699
2,100,d1,1,19.21201791244674,220634470.92740265,72.34907488921291,53.137056976766175
2,100,d2,1,19.28332883562834,236942685.28880417,72.41891750327191,53.135588667643574
2,100,d3,1,19.310016825414586,243351346.01414844,72.44491050083352,53.13489367541893
2,200,d0,1,33.52452393096452,362673439997101.7,152.60568311769995,119.08115918673543
2,200,d1,1,33.74724358691864,453149671234947.25,152.823699748717,119.07645616179835
2,200,d2,1,33.78345041956135,469857427825142.75,152.86054689976066,119.07709648019932
2,200,d3,1,33.78919815288579,472565819119943.6,152.87526394396957,119.08606579108378
2,20,d0,2,0.12853944079437163,1.1371662711478192,9.143104706277937,9.014565265483565
2,20,d1,2,0.2129969020404321,1.237380817881919,9.220663003445104,9.007666101404672
2,20,d2,2,0.19387196699661935,1.2139408485133145,9.215075950164248,9.021203983167629
2,20,d3,2,0.19038986487498022,1.209721133512123,9.218598907632003,9.028209042757023
2,50,d0,2,6.71817232401488,827.3040850675314,35.98177958339904,29.26360725938416
2,50,d1,2,6.906429649817245,998.6752490933245,36.1717962383404,29.265366588523154
2,50,d2,2,6.976587845268973,1071.2568296229394,36.23424614496578,29.257658299696807
2,50,d3,2,6.975695280889866,1070.301090528729,36.231362232201334,29.25566695131147
2,100,d0,2,18.99667953321456,177890639.2511954,72.13863470569144,53.141955172476884
2,100,d1,2,19.224261709923702,223352480.12819633,72.37055110515428,53.146289395230575
2,100,d2,2,19.292831872490126,239205093.2081138,72.4316750847165,53.13884321222638
2,100,d3,2,19.308197542119593,242909023.45255432,72.44100811818326,53.13281057606367
2,200,d0,2,33.51896449109378,360662773084325.06,152.60657652486992,119.08761203377614
2,200,d1,2,33.71785937141826,440027953461969.25,152.813683100915,119.09582372949674
2,200,d2,2,33.76905250352165,463140927857126.3,152.87325463864542,119.10420213512377
2,200,d3,2,33.777813664617796,467216407032350.1,152.87067016010425,119.09285649548646
2,20,d0,3,0.1077637303421266,1.113784560799301,9.118874399180216,9.01111066883809
2,20,d1,3,0.18511478468235154,1.2033565591009645,9.193516425053426,9.008401640371074
2,20,d2,3,0.19759796174797728,1.2184724228116932,9.221505651545886,9.023907689797909
2,20,d3,3,0.19896617272330452,1.220140691165003,9.210341528221313,9.011375355498009
2,50,d0,3,6.710569495674363,821.0380839714877,35.98237294446996,29.271803448795595
2,50,d1,3,6.921319077615237,1013.6562042675909,36.18820356588021,29.26688448826497
2,50,d2,3,6.9567825411407505,1050.2489824040877,36.23272391761478,29.275941376474027
2,50,d3,3,6.9787818044073795,1073.609703444594,36.252720452443086,29.273938648035706
2,100,d0,3,19.004016456286678,179200608.8834924,72.14645904774702,53.14244259146034
2,100,d1,3,19.20274105140627,218597140.22782975,72.3531794074171,53.15043835601083
2,100,d2,3,19.283926250025885,237084280.55170205,72.4306860508452,53.14675980081931
2,100,d3,3,19.29264697584845,239160869.07828003,72.43749659860069,53.14484962275224
2,200,d0,3,33.514586449395495,359087227842695.8,152.60695557013958,119.09236912074408
2,200,d1,3,33.73568932899431,447943994832486.4,152.81495333804907,119.07926400905475
2,200,d2,3,33.796866711368736,476203648366667.75,152.87240541260292,119.07553870123418
2,200,d3,3,33.79226302307279,474016393786396.8,152.8695712940649,119.07730827099212
2,20,d0,4,0.13624515226245215,1.1459627945334705,9.14591149569899,9.009666343436537
2,20,d1,4,0.19518893635867052,1.215540624614983,9.206040875849512,9.010851939490841
2,20,d2,4,0.22187581669863832,1.248416335775613,9.227576822904146,9.005701006205507
2,20,d3,4,0.19120780654080427,1.2107110196106041,9.201345579778133,9.010137773237329
2,50,d0,4,6.7322386148304965,839.0234154435424,36.00244477616009,29.270206161329593
2,50,d1,4,6.904072848669351,996.324341518902,36.17422774971477,29.270154901045416
2,50,d2,4,6.943372548252938,1036.259162359314,36.22203842735307,29.27866587910013
2,50,d3,4,6.972859973179702,1067.270755590627,36.24188185112526,29.269021877945555
2,100,d0,4,19.024762542885895,182957152.28765228,72.14687359211783,53.12211104923193
2,100,d1,4,19.22750931249793,224079019.3343561,72.36900178126581,53.14149246876788
2,100,d2,4,19.31611016517318,244838695.30645865,72.43182688057959,53.115716715406414
2,100,d3,4,19.312070601911884,243851648.86844373,72.44935833371619,53.13728773180431
2,200,d0,4,33.490614700685086,350581633342750.8,152.5932544570928,119.10263975640771
2,200,d1,4,33.73114356691187,445912369147670.7,152.81455973125554,119.08341616434367
2,200,d2,4,33.77678443622109,466735782017710.94,152.8712317772147,119.0944473409936
2,200,d3,4,33.79216470977859,473969793963946.25,152.88213188540703,119.08996717562844
2,20,d0,5,0.1434491115578691,1.154248071426355,9.142084154861548,8.998635043303679
2,20,d1,5,0.16869248282174887,1.1837560576236335,9.181111613043756,9.012419130222007
2,20,d2,5,0.20944179388528816,1.2329896054877132,9.210779037449178,9.00133724356389
2,20,d3,5,0.17881264358550908,1.1957966829999034,9.194682939603945,9.015870296018436
2,50,d0,5,6.7187994265306905,827.8230522464222,35.98978641631723,29.27098698978654
2,50,d1,5,6.899657360249453,991.934781084862,36.17218575559557,29.272528395346118
2,50,d2,5,6.963456345135079,1057.2815792418921,36.23073381439717,29.26727746926209
2,50,d3,5,6.955770956879757,1049.1871042435325,36.2274050853873,29.271634128507547
2,100,d0,5,18.99854214728795,178222289.63183826,72.13777979677496,53.139237649487015
2,100,d1,5,19.216808497955014,221693975.02266046,72.35568856273989,53.13888006478487
2,100,d2,5,19.28648450422834,237691578.88930804,72.42435557815874,53.1378710739304
2,100,d3,5,19.30567108367343,242296098.48935318,72.44411398571386,53.138442902040424
2,200,d0,5,33.527120063121416,363616211427227.75,152.61863323143538,119.09151316831397
2,200,d1,5,33.7358778780837,448028462227683.4,152.81603637020686,119.08015849212316
2,200,d2,5,33.80500141156405,480093221083199.9,152.88685911521205,119.081857703648
2,200,d3,5,33.78144868364346,468917838054615.75,152.873080560806,119.09163187716253
2,20,d0,6,0.11668880437492035,1.1237696630676943,9.134394964026633,9.017706159651713
2,20,d1,6,0.20131769916740971,1.2230132604033714,9.203446926499913,9.002129227332503
2,20,d2,6,0.18389503533194507,1.2018896605258553,9.200132930458379,9.016237895126434
2,20,d3,6,0.20099950559619728,1.22262416735314,9.216235907538127,9.01523640194193
2,50,d0,6,6.718183759598897,827.3135458269988,36.00298075451022,29.28479699491132
2,50,d1,6,6.88618957268077,978.6651708878413,36.15978781733682,29.27359824465605
2,50,d2,6,6.965217059124566,1059.1447895181427,36.22618534075305,29.260968281628482
2,50,d3,6,6.946903708476022,1039.9248277111242,36.22957825529233,29.28267454681631
2,100,d0,6,19.019011969083408,181908063.00443837,72.15443523382812,53.135423264744716
2,100,d1,6,19.240256194648218,226953610.29972032,72.36780847610214,53.12755228145392
2,100,d2,6,19.30136116614259,241254069.42948365,72.4377368343836,53.13637566824101
2,100,d3,6,19.310809177839232,243544242.45409262,72.44077731108717,53.12996813324794
2,200,d0,6,33.516976609739075,359946530420954.4,152.6044434685046,119.08746685876552
2,200,d1,6,33.741489935934496,450549892464947.06,152.825049828725,119.08355989279052
2,200,d2,6,33.76518577883084,461353547277376.8,152.8640481601903,119.09886238135945
2,200,d3,6,33.78284139658865,469571360977188.3,152.88303093971228,119.10018954312363
2,20,d0,7,0.11059449728826465,1.1169418920452239,9.127424416026686,9.016829918738422
2,20,d1,7,0.17992343530784005,1.1971257020519999,9.190957740562036,9.011034305254196
2,20,d2,7,0.20633485965941922,1.22916473277306,9.218917463048236,9.012582603388816
2,20,d3,7,0.1997945848975995,1.221151889354533,9.208577379543893,9.008782794646294
2,50,d0,7,6.7161656850323475,825.6456489378088,35.980925876950636,29.26476019191829
2,50,d1,7,6.9042739338647685,996.5247077384805,36.170990546160965,29.266716612296197
2,50,d2,7,6.962379276176463,1056.1434271165658,36.22608090180811,29.263701625631647
2,50,d3,7,6.98615433145784,1081.5541694355572,36.24551741836301,29.259363086905168
2,100,d0,7,18.999437243935063,178381887.22270703,72.14875206481933,53.14931482088427
2,100,d1,7,19.230497808013084,224749680.11289638,72.36384638084752,53.133348572834436
2,100,d2,7,19.29449154531612,239602425.03036016,72.42983976131448,53.13534821599836
2,100,d3,7,19.294221034711676,239537618.7993204,72.43388062304138,53.1396595883297
2,200,d0,7,33.54170079707178,368956843214819.75,152.6113568288922,119.06965603182043
2,200,d1,7,33.72570090943712,443492013417002.44,152.81664968994346,119.09094878050634
2,200,d2,7,33.78911946298814,472528634427053.9,152.87783759785128,119.08871813486314
2,200,d3,7,33.79890520675677,477175377403710.25,152.88297996844983,119.08407476169306
2,20,d0,8,0.13412696920880762,1.1435380045431243,9.154625742425097,9.02049877321629
2,20,d1,8,0.1819266512349298,1.1995262068870947,9.19896848236898,9.01704183113405
2,20,d2,8,0.20629213720176764,1.2291122209565422,9.21823909436815,9.011946957166382
2,20,d3,8,0.19547976232645325,1.2158941868035567,9.201568172694444,9.00608841036799
2,50,d0,8,6.711802380708111,822.0509537850727,35.99052210970822,29.278719729000112
2,50,d1,8,6.9251802184037174,1017.5776393179339,36.183034317164676,29.25785409876096
2,50,d2,8,6.957237646215582,1050.7270648264328,36.22356515516451,29.266327508948926
2,50,d3,8,6.972175754981592,1066.5407592841993,36.232600400304946,29.260424645323354
2,100,d0,8,18.997218476691366,177986538.0905102,72.13975969587925,53.14254121918788
2,100,d1,8,19.235870252748953,225960384.65827578,72.3655977483385,53.12972749558955
2,100,d2,8,19.2852320912872,237394077.21626621,72.4155961516114,53.1303640603242
2,100,d3,8,19.307699693416694,242788121.6082163,72.44366386364533,53.13596417022863
2,200,d0,8,33.506556170377294,356215204220375.5,152.6001031868309,119.0935470164536
2,200,d1,8,33.73479049229465,447541547224972.5,152.81854052868673,119.08375003639208
2,200,d2,8,33.80398548971452,479605731557649,152.89290431268952,119.088918822975
2,200,d3,8,33.79146463186271,473638094299750.06,152.88731368050838,119.09584904864568
2,20,d0,9,0.1480967767229462,1.1596251156513178,9.157295815214853,9.009199038491907
2,20,d1,9,0.1946028940594129,1.2148284750877476,9.214618004092895,9.020015110033482
2,20,d2,9,0.21744160449007133,1.2428928480268882,9.223390709474813,9.005949104984742
2,20,d3,9,0.20274574224258757,1.2247610236643334,9.207839425355617,9.00509368311303
2,50,d0,9,6.720155264623077,828.9462075107016,35.98494752885166,29.264792264228586
2,50,d1,9,6.896085426450789,988.3979760913044,36.172742583492884,29.276657157042095
2,50,d2,9,6.96340238202221,1057.2245265760807,36.227027538417,29.263625156394788
2,50,d3,9,6.967813664171949,1061.8985438835246,36.236220182913875,29.268406518741926
2,100,d0,9,19.01139578701197,180527880.60813662,72.14737177871898,53.13597599170701
2,100,d1,9,19.230862430839828,224831643.91859818,72.36485962645055,53.133997195610725
2,100,d2,9,19.27702857903222,235454578.22340012,72.415631345183,53.13860276615078
2,100,d3,9,19.311373243674375,243681656.19216067,72.44397141189924,53.13259816822487
2,200,d0,9,33.514477921473954,359048258966850.2,152.61513142959396,119.10065350812
2,200,d1,9,33.70390751662427,433931375528421.06,152.8002455006422,119.09633798401794
2,200,d2,9,33.78696901562171,471513578273173.6,152.87460367337835,119.08763465775664
2,200,d3,9,33.81372255882971,484298495520501.9,152.8907560390436,119.07703348021388
2,20,d0,10,0.10276557211042103,1.1082315782313494,9.123031494914368,9.020265922803947
2,20,d1,10,0.19173819330302777,1.2113533350310244,9.215877390722211,9.024139197419183
2,20,d2,10,0.20343849428492966,1.2256097733174423,9.21338469565089,9.00994620136596
2,20,d3,10,0.21725325884061775,1.2426587766100838,9.227148251196665,9.009894992356047
2,50,d0,10,6.7365765707385314,842.6709677661933,36.00158908498925,29.265012514250717
2,50,d1,10,6.911656669612018,1003.9090109610446,36.17943864765112,29.2677819780391
2,50,d2,10,6.969517435459046,1063.709318267073,36.24213145652126,29.27261402106221
2,50,d3,10,6.972908841398972,1067.322912486329,36.24641229588814,29.27350345448917
2,100,d0,10,19.02781308219224,183516122.418789,72.15342981287812,53.12561673068588
2,100,d1,10,19.21997484930168,222397048.5405058,72.35424057227739,53.13426572297571
2,100,d2,10,19.307171670289243,242659957.70466706,72.43586500008061,53.12869332979137
2,100,d3,10,19.303435598396632,241755054.1022528,72.43634293033844,53.13290733194181
2,200,d0,10,33.53134838377443,365156952441766.25,152.61986047220748,119.08851208843305
2,200,d1,10,33.72617636515804,443702924367398.25,152.8167956158721,119.09061925071407
2,200,d2,10,33.786594518256976,471337030741031.4,152.8735897977994,119.08699527954244
2,200,d3,10,33.794804093388066,475222434441700.8,152.88582011020253,119.09101601681446
2,20,d0,11,0.11055444626001432,1.1168971582697744,9.12582558053113,9.015271134271115
2,20,d1,11,0.20274437268339618,1.2247593462827648,9.210951696624848,9.008207323941452
2,20,d2,11,0.19327196125088442,1.2132126954990654,9.209149594416319,9.015877633165434
2,20,d3,11,0.1959825110475446,1.2165056297391525,9.21105092433105,9.015068413283505
2,50,d0,11,6.727661161852087,835.1916018754674,35.99507828718334,29.267417125331253
2,50,d1,11,6.899705819194548,991.9828503626402,36.16202811527444,29.26232229607989
2,50,d2,11,6.965216201035574,1059.143880678048,36.23297603860253,29.267759837566956
2,50,d3,11,6.964031684585262,1057.890050066232,36.22620240416024,29.26217071957498
2,100,d0,11,19.006680766107344,179678691.42280477,72.1390995523345,53.132418786227156
2,100,d1,11,19.213085916278864,220870235.26404923,72.34800247896524,53.13491656268638
2,100,d2,11,19.299930075159047,240909059.834922,72.43791152246126,53.13798144730222
2,100,d3,11,19.29393938026999,239470161.4653095,72.43329050421637,53.13935112394638
2,200,d0,11,33.511877606359675,358115833178132.6,152.6001311405021,119.08825353414242
2,200,d1,11,33.719811534128795,440887798630080.75,152.81553311303375,119.09572157890496
2,200,d2,11,33.779126940850375,467830394314384.2,152.8641506973579,119.08502375650752
2,200,d3,11,33.79119039182858,473508221581567.1,152.8730877520929,119.08189736026434
2,20,d0,12,0.12011308802801324,1.1276243651849072,9.132920535425741,9.012807447397728
2,20,d1,12,0.2043221634120389,1.226693285498631,9.218995664203849,9.01467350079181
2,20,d2,12,0.18808316191549324,1.2069338821097113,9.217219827226966,9.029136665311473
2,20,d3,12,0.19333001744318956,1.2132831320532416,9.208413610718505,9.015083593275316
2,50,d0,12,6.719509253388949,828.4108718831942,35.97774532460974,29.258236071220793
2,50,d1,12,6.905095326822213,997.3435823782272,36.172944947216955,29.267849620394742
2,50,d2,12,6.9530883593625425,1046.3763292971466,36.22444321249621,29.27135485313367
2,50,d3,12,6.980653916458927,1075.6215036792228,36.234425610516375,29.25377169405745
2,100,d0,12,18.984581649542847,175751504.5824708,72.13294201300089,53.14836036345804
2,100,d1,12,19.226944114406876,223952406.08453745,72.36684202189059,53.139897907483714
2,100,d2,12,19.29674754100578,240143577.2574894,72.4354512834764,53.13870374247062
2,100,d3,12,19.260008880803525,231481121.78572693,72.4134891940643,53.15348031326077
2,200,d0,12,33.50076629226659,354158720745988,152.58308528428742,119.08231899202083
2,200,d1,12,33.72230410402241,441988113018990.6,152.81318694972276,119.09088284570035
2,200,d2,12,33.785454008488216,470799772685360.4,152.8774808684939,119.09202686000569
2,200,d3,12,33.79854013173191,477001204385986.06,152.87542992943239,119.07688979770047
2,20,d0,13,0.13967738234853222,1.1499027600807425,9.14906923603994,9.009391853691408
2,20,d1,13,0.20295146135413944,1.2250130063319216,9.208736683761899,9.00578522240776
2,20,d2,13,0.22278179477836346,1.2495478861126996,9.2327077603034,9.009925965525037
2,20,d3,13,0.19807716597545522,1.219056459873108,9.207716187957608,9.009639021982153
2,50,d0,13,6.72314987204496,831.4322965485273,35.98666199124277,29.26351211919781
2,50,d1,13,6.902280324052931,994.5400053218473,36.17275943945025,29.270479115397322
2,50,d2,13,6.954885420497568,1048.258422142583,36.226830823619146,29.271945403121578
2,50,d3,13,6.955846888703633,1049.2667739586395,36.223359540461814,29.26751265175818
2,100,d0,13,18.991709499729616,177008710.241208,72.1402299180966,53.14852041836698
2,100,d1,13,19.228898384680754,224390497.54964665,72.37457525447437,53.14567686979361
2,100,d2,13,19.303610524178538,241797346.99307194,72.43400928378819,53.13039875960965
2,100,d3,13,19.299109368387207,240711425.24923244,72.44109959133613,53.14199022294892
2,200,d0,13,33.520281731261946,361138165610519.7,152.6051819506765,119.08490021941455
2,200,d1,13,33.73438821788548,447361548920267.44,152.8304525488997,119.09606433101422
2,200,d2,13,33.78671820855263,471395334163424.94,152.8831900494822,119.09647184092958
2,200,d3,13,33.79421688239236,474943460519085.1,152.88199675797478,119.08777987558241
2,20,d0,14,0.11570766803575161,1.1226676325239136,9.13336941680756,9.017661748771808
2,20,d1,14,0.15995238914347176,1.1734550004641295,9.189476281913727,9.029523892770255
2,20,d2,14,0.1878022167676665,1.2065948475190766,9.213887905089065,9.026085688321398
2,20,d3,14,0.2028006693467681,1.224828298088254,9.213079750077394,9.010279080730626
2,50,d0,14,6.708401093011329,819.2596716575865,35.980060612968536,29.271659519957208
2,50,d1,14,6.902016659492279,994.2778149349687,36.1676418947552,29.26562523526292
2,50,d2,14,6.976526843843764,1071.1914834226936,36.22715515598202,29.250628312138254
2,50,d3,14,6.963038604370642,1056.8400018656114,36.23179622348847,29.26875761911783
2,100,d0,14,19.020756984403747,182225772.4846085,72.1446918762224,53.12393489181865
2,100,d1,14,19.22888933216781,224388466.2609573,72.36649579457188,53.137606462404065
2,100,d2,14,19.29623950543121,240021606.76253697,72.43430206410304,53.13806255867183
2,100,d3,14,19.301306241916002,241240819.10019416,72.43443086508672,53.13312462317072
2,200,d0,14,33.504813550503854,355594997075877.3,152.59169077342494,119.08687722292109
2,200,d1,14,33.734123144990974,447242981214840.6,152.80845795639001,119.07433481139904
2,200,d2,14,33.778906552557174,467727301332934.2,152.86585975536912,119.08695320281194
2,200,d3,14,33.801139504568994,478242721243470.1,152.8785237751125,119.07738427054352
2,20,d0,15,0.122413299863668,1.1302211255003347,9.146582752161267,9.024169452297599
2,20,d1,15,0.1831396416652069,1.200982103512742,9.203639679115497,9.02050003745029
2,20,d2,15,0.18390398340914338,1.2019004151754382,9.197375505282558,9.013471521873415
2,20,d3,15,0.19404318201061166,1.2141487112067777,9.211539200854205,9.017496018843593
2,50,d0,15,6.714857354285673,824.566137682315,35.989066005041856,29.274208650756183
2,50,d1,15,6.91988149353714,1012.2000351812006,36.18071613620681,29.26083464266967
2,50,d2,15,6.976423513695007,1071.0808027657868,36.2411469354912,29.264723421796194
2,50,d3,15,6.966204248319286,1060.1908820706767,36.22442356320254,29.258219314883256
2,100,d0,15,18.99044901999389,176785734.90636945,72.12847608364234,53.13802706364845
2,100,d1,15,19.22447134343301,223399307.2005083,72.36476438181805,53.14029303838504
2,100,d2,15,19.284378720178026,237191578.38489625,72.42447675359075,53.14009803341273
2,100,d3,15,19.29213672706716,239038868.66422904,72.43199244093528,53.139855713868116
2,200,d0,15,33.51252436833454,358347523797893.8,152.60027290419282,119.08774853585828
2,200,d1,15,33.72493961295834,443154512994060.94,152.8018663450411,119.07692673208277
2,200,d2,15,33.781674799301584,469023879708560.3,152.8614985164818,119.0798237171802
2,200,d3,15,33.80094287490661,478148693783251.56,152.8858780077148,119.0849351328082
2,20,d0,16,0.10894878861716784,1.115105242797695,9.135431469363567,9.0264826807464
2,20,d1,16,0.1970585225982795,1.217815308336573,9.211442919345854,9.014384396747575
2,20,d2,16,0.20764033995572007,1.2307704309882475,9.227866887586961,9.02022654763124
2,20,d3,16,0.18153631546001314,1.199058080264824,9.197449308378484,9.015912992918471
2,50,d0,16,6.716609184061944,826.0119031926038,35.987992052867675,29.27138286880573
2,50,d1,16,6.901477602506301,993.7419869667045,36.16668855253352,29.26521095002722
2,50,d2,16,6.971439714732917,1065.7560311896718,36.24489070938631,29.273450994653395
2,50,d3,16,6.9665425758592185,1060.5496345281624,36.235652125185794,29.269109549326576
2,100,d0,16,19.009710340921828,180223866.8689563,72.14393191498371,53.13422157406188
2,100,d1,16,19.237541506679776,226338337.5790271,72.37350754453573,53.13596603785595
2,100,d2,16,19.28779616678588,238003554.59227565,72.43023657250794,53.142440405722056
2,100,d3,16,19.30126405449265,241230641.98630318,72.43233010956857,53.13106605507592
2,200,d0,16,33.500995928279465,354240057681132.44,152.59490729522307,119.0939113669436
2,200,d1,16,33.70092567207729,432639386834557.44,152.8023163729694,119.1013907008921
2,200,d2,16,33.76470169967895,461130269689862.6,152.86254869734145,119.0978469976625
2,200,d3,16,33.77326409333514,465095600722016.56,152.87454761915095,119.1012835258158
2,20,d0,17,0.10460463825567956,1.1102715646680132,9.128227628658356,9.023622990402677
2,20,d1,17,0.17140096605959698,1.1869665869331463,9.189423600754425,9.018022634694828
2,20,d2,17,0.2082781435677905,1.2315556712026645,9.216104348694133,9.007826205126342
2,20,d3,17,0.18146186326750247,1.1989688110849852,9.200470927499286,9.019009064231783
2,50,d0,17,6.710276288769986,820.797385225502,35.98092231778185,29.27064602901186
2,50,d1,17,6.917755851720404,1010.050745578716,36.18113285199588,29.26337700027548
2,50,d2,17,6.97021484620139,1064.451419316907,36.231245972918764,29.261031126717373
2,50,d3,17,6.967782981971212,1061.8659629990675,36.225713572708614,29.257930590737402
2,100,d0,17,19.005821984213753,179524452.85407117,72.13944553206814,53.133623547854384
2,100,d1,17,19.245576210303945,228164224.44745874,72.37106079208333,53.12548458177938
2,100,d2,17,19.299589300646588,240826978.1539765,72.4280538299692,53.12846452932261
2,100,d3,17,19.31501535420864,244570789.89794278,72.44342336057078,53.128408006362136
2,200,d0,17,33.511789535972355,358084295166801.8,152.6014210965718,119.08963156059946
2,200,d1,17,33.72143517327481,441604222768690,152.80884319216844,119.08740801889363
2,200,d2,17,33.80059966040376,477984614375853.9,152.884154804694,119.08355514429023
2,200,d3,17,33.78833929597002,472160126938741.7,152.89028616655528,119.10194687058527
2,20,d0,18,0.12753536498356333,1.1360250430377417,9.136784513065642,9.009249148082079
2,20,d1,18,0.18400883275647217,1.202026440256232,9.191402105933609,9.007393273177136
2,20,d2,18,0.19611909843322017,1.2166718004109287,9.212190669733015,9.016071571299795
2,20,d3,18,0.1820915404209451,1.1997240120944739,9.19585234250104,9.013760802080094
2,50,d0,18,6.728916485022388,836.2406955829958,35.994983702892284,29.266067217869896
2,50,d1,18,6.928388731847882,1020.8477942167456,36.183318257811,29.25492952596312
2,50,d2,18,6.972422642561504,1066.804107458496,36.22542130718109,29.252998664619582
2,50,d3,18,6.974796934492254,1069.340021150933,36.23358344600902,29.258786511516767
2,100,d0,18,18.99256750281186,177160649.43300512,72.13143380604879,53.13886630323693
2,100,d1,18,19.22809460923572,224210210.4424981,72.36065820196737,53.13256359273165
2,100,d2,18,19.293144910718688,239279985.26818198,72.42996687748784,53.136821966769155
2,100,d3,18,19.310269717628252,243412895.4571,72.44399773619118,53.13372801856293
2,200,d0,18,33.52789071239869,363896540001400.9,152.61726507169627,119.08937435929758
2,200,d1,18,33.71618945261659,439293755705160.06,152.8019892431718,119.0857997905552
2,200,d2,18,33.78205588218394,469202650741660.25,152.87441002551066,119.09235414332672
2,200,d3,18,33.78375067795629,469998527644416.56,152.8765266509208,119.0927759729645
2,20,d0,19,0.12696616730294252,1.135378604211311,9.141775678834673,9.01480951153173
2,20,d1,19,0.1881466757100423,1.2070105414947725,9.200895716701709,9.012749040991666
2,20,d2,19,0.2193732255678924,1.2452959662593237,9.234797415385948,9.015424189818056
2,20,d3,19,0.18233025914138246,1.2000104428623521,9.208152396752073,9.02582213761069
2,50,d0,19,6.714277966737342,824.0885327019162,35.98488401798453,29.270606051247185
2,50,d1,19,6.915977061355115,1008.2556740453161,36.1850617663686,29.269084705013483
2,50,d2,19,6.938728056864999,1031.4574250494943,36.21732813503964,29.278600078174637
2,50,d3,19,6.954583887848727,1047.9423856539388,36.230264739762475,29.275680851913748
2,100,d0,19,18.99919591705732,178338844.0727613,72.13525643720718,53.136060520149854
2,100,d1,19,19.220906178341707,222604269.85086206,72.35882609693222,53.13791991859051
2,100,d2,19,19.28821350912353,238102904.28209174,72.42807313351295,53.13985962438942
2,100,d3,19,19.294551317230827,239616746.9540927,72.43707168026496,53.14252036303414
2,200,d0,19,33.50437454868057,355438924484394,152.60466000569102,119.10028545701044
2,200,d1,19,33.74086856526755,450270020938755.94,152.83630654483468,119.09543797956714
2,200,d2,19,33.772081756821365,464546026165939.2,152.86913499641489,119.09705323959352
2,200,d3,19,33.79689157775664,476215489978537.5,152.89726846446328,119.10037688670664
2,20,d0,20,0.12162704313927541,1.1293328307999622,9.134539557757806,9.012912514618531
2,20,d1,20,0.20463942781741906,1.227082533358419,9.209765110495432,9.005125682678013
2,20,d2,20,0.2113553760166873,1.2353512912841778,9.215455467995383,9.004100091978696
2,20,d3,20,0.19524835326759948,1.2156128504272712,9.208922808054847,9.013674454787248
2,50,d0,20,6.717195727895923,826.4965374969518,35.992835743326964,29.27564001543104
2,50,d1,20,6.896092789847849,988.4052540848511,36.17059570599786,29.274502916150013
2,50,d2,20,6.960464177736892,1054.1227440084533,36.23556218374896,29.27509800601207
2,50,d3,20,6.952094070259971,1045.3364457738353,36.230810303296906,29.278716233036935
2,100,d0,20,19.000007577379954,178483653.3965206,72.13946307289469,53.13945549551473
2,100,d1,20,19.232790282964444,225265504.15582347,72.37389019886062,53.14109991589618
2,100,d2,20,19.287794181509405,238003082.0898864,72.43232185599469,53.14452767448528
2,100,d3,20,19.277512346842137,235568511.12535563,72.43120269145045,53.153690344608314
2,200,d0,20,33.51079309745987,357727663894455.9,152.60207941180082,119.09128631434095
2,200,d1,20,33.721995914247884,441851917790161.25,152.8087115540128,119.08671563976492
2,200,d2,20,33.769985780658445,463573368458284.3,152.8632763795953,119.09329059893686
2,200,d3,20,33.79295896085195,474346394519441.6,152.89004304733055,119.0970840864786
2,20,d0,21,0.12827872399117268,1.1368698314379857,9.136728720449847,9.008449996458674
2,20,d1,21,0.18813107562329812,1.206991712172494,9.20739334076977,9.019262265146471
2,20,d2,21,0.1950611474198567,1.2153853018929526,9.21297121562412,9.017910068204264
2,20,d3,21,0.17835159192883587,1.1952454860330632,9.204232964572691,9.025881372643855
2,50,d0,21,6.723600452021845,831.8070077058204,35.99904106226032,29.275440610238473
2,50,d1,21,6.892870759272757,985.2257071849714,36.16643759294486,29.273566833672103
2,50,d2,21,6.96625340264665,1060.2429963211723,36.23600654454952,29.269753141902868
2,50,d3,21,6.974106899041395,1068.6023931513196,36.23998910943189,29.265882210390494
2,100,d0,21,18.99438195056883,177482389.97842774,72.13332368896252,53.13894173839369
2,100,d1,21,19.231179646010894,224902975.24007532,72.37356302934684,53.14238338333595
2,100,d2,21,19.292183749496807,239050109.11688852,72.431211522056,53.139027772559196
2,100,d3,21,19.305539252116034,242264158.32274538,72.45095540863049,53.14541615651446
2,200,d0,21,33.50583825877324,355959564965897.75,152.60330334647412,119.09746508770088
2,200,d1,21,33.720007864845854,440974366945460.4,152.8159740906143,119.09596622576845
2,200,d2,21,33.788595914565875,472281307555470.56,152.89103408739217,119.1024381728263
2,200,d3,21,33.775549695593014,466159840027735.75,152.8876699041755,119.1121202085825
2,20,d0,22,0.13982909057067516,1.150077223017508,9.157636965338906,9.01780787476823
2,20,d1,22,0.18554634320222263,1.20387598995083,9.193964893472685,9.008418550270463
2,20,d2,22,0.2283938703273396,1.2565801576140982,9.23152147512366,9.00312760479632
2,20,d3,22,0.20620455250257308,1.2290045742465645,9.210906911559043,9.00470235905647
2,50,d0,22,6.721265225644071,829.8668163149664,35.993802320221,29.27253709457693
2,50,d1,22,6.921950333650948,1014.2962828701554,36.18545675987554,29.263506426224595
2,50,d2,22,6.9666665403475925,1060.6811131701747,36.23028428559696,29.263617745249366
2,50,d3,22,6.975674942426785,1070.2793224708792,36.240183612907735,29.26450867048095
2,100,d0,22,18.994732518834162,177544620.57940912,72.13504543828496,53.1403129194508
2,100,d1,22,19.22560667443576,223653083.39269605,72.36167079246648,53.136064118030724
2,100,d2,22,19.30363149704325,241802418.22929683,72.43543304874045,53.1318015516972
2,100,d3,22,19.320920307695168,246019241.3468983,72.45263206914652,53.13171176145135
2,200,d0,22,33.50806176488281,356751923814280,152.60188457814215,119.09382281325934
2,200,d1,22,33.72789378052644,444465601317809.8,152.81168389488212,119.08379011435568
2,200,d2,22,33.76962381351002,463405600493097,152.8592510388328,119.08962722532279
2,200,d3,22,33.81156743045008,483255893962235.44,152.89542896740875,119.08386153695866
2,20,d0,23,0.1122067925867487,1.1187441847300383,9.121066155451539,9.00885936286479
2,20,d1,23,0.1922318265019971,1.2119514468646613,9.21226367832328,9.020031851821283
2,20,d2,23,0.1860008516365692,1.2044232861081081,9.200995936720254,9.014995085083685
2,20,d3,23,0.21734471631793362,1.2427724322442066,9.223890757892537,9.006546041574603
2,50,d0,23,6.7289089554075545,836.2343990363551,35.99031120862019,29.261402253212637
2,50,d1,23,6.9217957386208475,1014.1394898257997,36.17548140735432,29.25368566873347
2,50,d2,23,6.973119992658511,1067.5483028585277,36.231878678085216,29.258758685426706
2,50,d3,23,6.975355191394911,1069.9371542603599,36.23990110055795,29.26454590916304
2,100,d0,23,19.019249645913526,181951303.47465146,72.14485542073574,53.12560577482221
2,100,d1,23,19.225446020795864,223617155.59681806,72.36341966237146,53.13797364157559
2,100,d2,23,19.294008937103044,239486818.8306621,72.41587770636089,53.121868769257844
2,100,d3,23,19.315908827279905,244789404.96152756,72.44704568891324,53.13113686163333
2,200,d0,23,33.51626488080257,359690437204944.6,152.60530853414406,119.08904365334149
2,200,d1,23,33.703835641852265,433900187930553.6,152.79998138841697,119.0961457465647
2,200,d2,23,33.77809747221875,467349025418117.7,152.86703761961718,119.08894014739843
2,200,d3,23,33.798593089166815,477026465815100.4,152.887217518243,119.08862442907619
2,20,d0,24,0.1297973178183831,1.138597586493395,9.148231342945827,9.018434025127444
2,20,d1,24,0.1807652285204231,1.198133858612738,9.199765940588257,9.019000712067834
2,20,d2,24,0.19398692649366467,1.2140804105645402,9.212405167116518,9.018418240622854
2,20,d3,24,0.18604503678768758,1.2044765049087471,9.204401841750585,9.018356804962897
2,50,d0,24,6.737066695917871,843.084083256276,36.00364524404127,29.2665785481234
2,50,d1,24,6.906590225041892,998.8356244716093,36.17864752232528,29.272057297283386
2,50,d2,24,6.966325664107945,1060.319613797626,36.22586186371645,29.259536199608508
2,50,d3,24,6.949549386338781,1042.6797765533515,36.22013918387875,29.27058979753997
2,100,d0,24,18.998941827956074,178293535.87255707,72.1458657834206,53.14692395546453
2,100,d1,24,19.22484273498287,223482291.2242764,72.37326977499033,53.14842704000746
2,100,d2,24,19.28650658271704,237696826.81807905,72.432137970368,53.145631387650965
2,100,d3,24,19.301728622380423,241342736.0317483,72.44034400565106,53.13861538327063
2,200,d0,24,33.527004652404074,363574248640953.94,152.60412194115844,119.07711728875437
2,200,d1,24,33.740935677718184,450300240677358.44,152.82082746970568,119.07989179198749
2,200,d2,24,33.7877996832418,471905412054365.94,152.88038986255475,119.09259017931295
2,200,d3,24,33.78577635569317,470951558138673.9,152.8642987042117,119.07852234851853
2,20,d0,25,0.1177876319224378,1.1250051708111943,9.129126332920984,9.011338700998547
2,20,d1,25,0.19238365580678618,1.2121354705800198,9.200706396008082,9.008322740201296
2,20,d2,25,0.20435297183292,1.2267310785638321,9.220435720530318,9.016082748697398
2,20,d3,25,0.19237719560343436,1.2121276399636836,9.207820671369303,9.015443475765869
2,50,d0,25,6.715666548791635,825.2336421047621,35.986656644111186,29.27099009531955
2,50,d1,25,6.91922303282389,1011.5337606059724,36.17779593943333,29.25857290660944
2,50,d2,25,6.9744562440386595,1068.9757692661735,36.24002178817538,29.265565544136724
2,50,d3,25,6.953390323395901,1046.6923450242425,36.22551366839927,29.272123345003372
2,100,d0,25,19.01600842670136,181362514.127284,72.13926305055035,53.12325462384899
2,100,d1,25,19.231400051962744,224952550.65756497,72.36334562073384,53.131945568771094
2,100,d2,25,19.296963554574965,240195457.13190675,72.42853187776487,53.1315683231899
2,100,d3,25,19.3038707705021,241860282.05262798,72.44097604795849,53.137105277456385
2,200,d0,25,33.517771205822484,360232656186415.4,152.60757577482104,119.08980456899856
2,200,d1,25,33.70542329527888,434589618194071.6,152.80217613517567,119.0967528398968
2,200,d2,25,33.76227547531107,460012820332365.75,152.8653414431152,119.10306596780413
2,200,d3,25,33.781914325004934,469136236438860.6,152.87748110947138,119.09556678446644
2,20,d0,26,0.12266683533393241,1.130507712973401,9.136010114708046,9.013343279374114
2,20,d1,26,0.19165775347840075,1.2112558979001584,9.201170903195612,9.009513149717211
2,20,d2,26,0.20441186808492162,1.226803330554238,9.220466437462317,9.016054569377395
2,20,d3,26,0.21468525011692563,1.239471711987523,9.223237420336156,9.00855217021923
2,50,d0,26,6.730429589226286,837.5069726579424,35.997978730599364,29.267549141373078
2,50,d1,26,6.898790225388549,991.0750126778923,36.17052037628977,29.271730150901224
2,50,d2,26,6.94970498816388,1042.842032052876,36.23038723254087,29.28068224437699
2,50,d3,26,6.973741871152061,1068.2123946597042,36.241022473913446,29.267280602761385
2,100,d0,26,18.990663327395453,176823625.4578185,72.14354113939447,53.15287781199902
2,100,d1,26,19.214765871644772,221241599.2510717,72.37256636024782,53.157800488603044
2,100,d2,26,19.276026350696625,235218717.1864094,72.4373060665472,53.16127971585057
2,100,d3,26,19.281816586096554,236584639.6193487,72.43109459555711,53.14927800946056
2,200,d0,26,33.51013894067191,357493730437799.9,152.6063604141749,119.096221473503
2,200,d1,26,33.71956172169382,440777673131487.4,152.8175466029948,119.09798488130099
2,200,d2,26,33.769942251558945,463553189966182.1,152.8588602036101,119.08891795205116
2,200,d3,26,33.79475057900858,475197003888459.2,152.8833347798048,119.08858420079623
2,20,d0,27,0.113315734782093,1.1199854955060211,9.131362099320109,9.018046364538016
2,20,d1,27,0.18781782776477485,1.2066136838147785,9.204715063390555,9.01689723562578
2,20,d2,27,0.18178083917466203,1.199351314250561,9.206098390558223,9.024317551383561
2,20,d3,27,0.18944618632391297,1.2085800841022598,9.216131600936482,9.026685414612569
2,50,d0,27,6.724854555577014,832.8508342278664,35.99599761156426,29.27114305598725
2,50,d1,27,6.905104698134483,997.3529288401726,36.167204308974426,29.262099610839943
2,50,d2,27,6.987758643197399,1083.2907120919747,36.24466427442772,29.25690563123032
2,50,d3,27,6.985138403539629,1080.4559463119936,36.238521716383666,29.253383312844036
2,100,d0,27,18.998038107465746,178132481.13608998,72.13474592552596,53.136707818060216
2,100,d1,27,19.222009892416345,222850096.95303205,72.35492591884329,53.13291602642695
2,100,d2,27,19.29144931975369,238874608.0611435,72.43245506069798,53.14100574094429
2,100,d3,27,19.29628685797504,240032972.66529167,72.43272635820792,53.136439500232875
2,200,d0,27,33.52872435467839,364200026024397.25,152.6174481762241,119.0887238215457
2,200,d1,27,33.721039280773155,441429429570136.8,152.81011179267415,119.089072511901
2,200,d2,27,33.768740317386545,462996364247401.2,152.86988207198735,119.1011417546008
2,200,d3,27,33.80968952196932,482349235198122.7,152.891805238555,119.08211571658569
2,20,d0,28,0.12495883441085454,1.1331018073032733,9.141833488736294,9.01687465432544
2,20,d1,28,0.18869278969714465,1.2076698868565379,9.202920511344065,9.01422772164692
2,20,d2,28,0.18008223713673388,1.197315822898271,9.19849399229572,9.018411755158986
2,20,d3,28,0.20236516758976109,1.224294999347103,9.213673904947978,9.011308737358217
2,50,d0,28,6.719382477863313,828.3058563163107,35.99008123264122,29.270698754777904
2,50,d1,28,6.912230295530765,1004.4850443878524,36.18195163118549,29.269721335654726
2,50,d2,28,6.949900609613316,1043.0460542776295,36.23140345276337,29.28150284315005
2,50,d3,28,6.965372401202099,1059.309332050014,36.23230076914607,29.266928367943972
2,100,d0,28,19.00892037435922,180081552.25963837,72.14833456030206,53.13941418594284
2,100,d1,28,19.21354598598394,220971874.34678623,72.35459292117667,53.14104693519273
2,100,d2,28,19.30109574500353,241190043.99679983,72.44706504968818,53.14596930468465
2,100,d3,28,19.29282161300773,239202639.10026035,72.4321254272494,53.13930381424167
2,200,d0,28,33.51597987955843,359587939589504.75,152.6058628445661,119.08988296500767
2,200,d1,28,33.72469749729778,443047231334228.5,152.80836693858862,119.08366944129084
2,200,d2,28,33.76710478369647,462239737008624.1,152.86386809234452,119.09676330864805
2,200,d3,28,33.80154238110825,478435432832811,152.88434328259135,119.0828009014831
2,20,d0,29,0.13197522826657604,1.1410800523862537,9.14705296527233,9.015077737005754
2,20,d1,29,0.18762098311701791,1.2063761917444975,9.204125457197442,9.016504474080424
2,20,d2,29,0.19885273606002407,1.2200022903262777,9.21266989188876,9.013817155828736
2,20,d3,29,0.18736206553482937,1.2060638801709447,9.200825115513961,9.013463049979132
2,50,d0,29,6.718112916456182,827.2549384113925,35.983007142076325,29.264894225620143
2,50,d1,29,6.889978260403417,982.380060439911,36.166919975208394,29.276941714804977
2,50,d2,29,6.948336270748811,1041.4156523804686,36.22849820774359,29.28016193699478
2,50,d3,29,6.956424512569146,1049.8730305658548,36.22671575378241,29.27029124121326
2,100,d0,29,18.990344582710854,176767272.84861684,72.14016419446665,53.149819611755795
2,100,d1,29,19.22254867426451,222970196.89105988,72.36577645545111,53.1432277811866
2,100,d2,29,19.27916496319599,235958137.36196208,72.42173327354038,53.142568310344394
2,100,d3,29,19.29231374389171,239081186.31106156,72.4381243582644,53.14581061437269
2,200,d0,29,33.51187494072809,358114878574529.3,152.60045362504985,119.08857868432176
2,200,d1,29,33.706286882880036,434965086501489.3,152.8012322845966,119.09494540171657
2,200,d2,29,33.78816276951889,472076785543365.94,152.88033650447505,119.09217373495616
2,200,d3,29,33.77617786299497,466452758434607.6,152.86884895022445,119.09267108722948
2,20,d0,30,0.13387031722283282,1.1432445509025613,9.147092296311213,9.01322197908838
2,20,d1,30,0.18683061780128085,1.2054230905434926,9.204860357899394,9.018029740098113
2,20,d2,30,0.22219376255723766,1.2488133276870035,9.236472542241009,9.014278779683771
2,20,d3,30,0.1985121713547553,1.2195868713483815,9.217583294910531,9.019071123555776
2,50,d0,30,6.72068243743632,829.383320621893,35.9864351694312,29.265752731994883
2,50,d1,30,6.887998747495907,980.4373498748798,36.16161973758601,29.2736209900901
2,50,d2,30,6.962545514140263,1056.3190128434728,36.230452779069964,29.2679072649297
2,50,d3,30,6.979460361763088,1074.3384564284133,36.244346806031,29.26488644426791
2,100,d0,30,18.98939203454333,176598973.67604613,72.13156974523639,53.14217771069306
2,100,d1,30,19.205974529838045,219305113.3570817,72.36163657654559,53.15566204670755
2,100,d2,30,19.27352937465764,234632114.3570627,72.42161450466014,53.1480851300025
2,100,d3,30,19.28905532008004,238303426.3046691,72.44171110752877,53.15265578744874
2,200,d0,30,33.52135567157221,361526214777668.56,152.61438741374275,119.09303174217054
2,200,d1,30,33.71787369948446,440034258256784,152.82203010709048,119.10415640760603
2,200,d2,30,33.780198411928154,468331929693542.3,152.8745767969643,119.09437838503615
2,200,d3,30,33.77205625621275,464534180110583.75,152.88261183187532,119.11055557566257
2,20,d0,31,0.1249935347016411,1.1331411269476752,9.139616608851862,9.01462307415022
2,20,d1,31,0.196838568986891,1.2175474749180437,9.20362768335241,9.00678911436552
2,20,d2,31,0.21346228969872705,1.23795681366344,9.22564729587509,9.012185006176363
2,20,d3,31,0.18670383211060937,1.2052702698323512,9.20113579795641,9.0144319658458
2,50,d0,31,6.709968953247795,820.5451637927891,35.979318089213066,29.26934913596527
2,50,d1,31,6.919125660801232,1011.4352703128924,36.17774644710053,29.2586207862993
2,50,d2,31,6.943369834811918,1036.25635053501,36.21527268086026,29.27190284604834
2,50,d3,31,6.952791165553716,1046.0653989359546,36.23342973545469,29.280638569900976
2,100,d0,31,18.99903291114491,178309776.15595016,72.13823036358262,53.13919745243771
2,100,d1,31,19.222129656815518,222876788.05928954,72.36742818019017,53.145298523374656
2,100,d2,31,19.278504974116487,235802458.94676158,72.42061009805836,53.142105123941874
2,100,d3,31,19.28248997122229,236744005.8480481,72.42638887669109,53.1438989054688
2,200,d0,31,33.502706527291764,354846538949159.5,152.5941341697241,119.09142764243234
2,200,d1,31,33.71377944186126,438236327747346.94,152.80008801231193,119.08630857045067
2,200,d2,31,33.80109344931496,478220696160643.7,152.88662084809246,119.0855273987775
2,200,d3,31,33.79750516476136,476507779277923.06,152.88946360899715,119.09195844423579
2,20,d0,32,0.1255286822853492,1.1337476869688505,9.13959561321357,9.014066930928221
2,20,d1,32,0.20273392148152602,1.224746546142483,9.209759088196021,9.007025166714495
2,20,d2,32,0.2089509774163183,1.2323845823730715,9.215466660234137,9.006515682817819
2,20,d3,32,0.20128460709645601,1.2229727890314253,9.204590766957772,9.003306159861316
2,50,d0,32,6.729764695014627,836.950304202922,35.99386294546517,29.26409825045054
2,50,d1,32,6.906438481224136,998.6840688397467,36.17295994178434,29.266521460560206
2,50,d2,32,6.97463868889216,1069.170816185905,36.24619694244483,29.271558253552673
2,50,d3,32,6.965681826867758,1059.6371602618378,36.23599824748643,29.27031642061867
2,100,d0,32,18.992444536941477,177138866.05888337,72.13410365488208,53.141659117940605
2,100,d1,32,19.227239608292642,224018592.42958644,72.358090751493,53.13085114320035
2,100,d2,32,19.302837586046316,241610524.81360525,72.43130270480869,53.12846511876237
2,100,d3,32,19.2976073542738,240350144.68342656,72.43637800445516,53.138770650181364
2,200,d0,32,33.5176904653006,360203571987908.9,152.61240280595177,119.09471234065117
2,200,d1,32,33.706031161325626,434853870774190.44,152.8023940557211,119.09636289439547
2,200,d2,32,33.770916992069516,464005254326176.3,152.86495918162143,119.09404218955191
2,200,d3,32,33.78995509787272,472923660863893.2,152.87722589801342,119.0872708001407
2,20,d0,33,0.15311444299756793,1.165458349858007,9.161726244841535,9.008611801843967
2,20,d1,33,0.21537080997819125,1.2403217353801033,9.227743736282214,9.012372926304023
2,20,d2,33,0.20635967732012084,1.2291952381448787,9.216709712032745,9.010350034712625
2,20,d3,33,0.19068413290982456,1.2100771681550293,9.199466020776068,9.008781887866244
2,50,d0,33,6.708922839534477,819.6872290714273,35.98750058586857,29.27857774633409
2,50,d1,33,6.8906422144985875,983.0325322857612,36.17863752279147,29.28799530829288
2,50,d2,33,6.949761968823697,1042.901455572927,36.242476107703446,29.29271413887975
2,50,d3,33,6.970762119972463,1065.0341250945305,36.238253399557,29.26749127958454
2,100,d0,33,19.009302831932537,180150438.9853999,72.14744040611868,53.13813757418614
2,100,d1,33,19.242824161030086,227537168.49944577,72.37887793541428,53.136053774384195
2,100,d2,33,19.28415574389517,237138696.18438053,72.43402958090286,53.14987383700769
2,100,d3,33,19.305969921564717,242368516.5645861,72.448555741037,53.14258581947228
2,200,d0,33,33.51879949436372,360603269815167.9,152.61293227587745,119.09413278151374
2,200,d1,33,33.72389940766219,442693780992109.9,152.81386421321503,119.08996480555284
2,200,d2,33,33.770372192168765,463752533157155.94,152.86906872295822,119.09869653078945
2,200,d3,33,33.7893202272852,472623510829765,152.89022816607135,119.10090793878615
2,20,d0,34,0.11998213063285412,1.1274767041041909,9.127040602389593,9.00705847175674
2,20,d1,34,0.19302734118466347,1.2129159556248958,9.193978943500754,9.000951602316091
2,20,d2,34,0.20928408329155346,1.232795165298005,9.214873529396794,9.00558944610524
2,20,d3,34,0.1996647297690135,1.2209933268142201,9.21170317803458,9.012038448265567
2,50,d0,34,6.722604404324038,830.9789007362599,35.98523284986644,29.262628445542404
2,50,d1,34,6.909824961237689,1002.0718255262461,36.1727951888352,29.262970227597513
2,50,d2,34,6.949413808601264,1042.5384219707757,36.21447084682808,29.265057038226814
2,50,d3,34,6.98318661408171,1078.3491804367554,36.243029339200646,29.259842725118936
2,100,d0,34,18.999915518300476,178467223.11197716,72.14384680530004,53.14393128699957
2,100,d1,34,19.217253837547084,221792726.11431462,72.3627248750693,53.14547103752222
2,100,d2,34,19.29022781671116,238583000.1368554,72.42477262521871,53.13454480850755
2,100,d3,34,19.301795733220082,241358933.28890863,72.43867682019075,53.13688108697067
2,200,d0,34,33.507120413994585,356416253090675.6,152.5993099132922,119.0921894992976
2,200,d1,34,33.73599321247599,448080138298060.2,152.81754430797503,119.08155109549904
2,200,d2,34,33.77645212286204,466580705250666.4,152.87588061074635,119.09942848788431
2,200,d3,34,33.784595668770606,470395839921989.7,152.88108249465006,119.09648682587945
2,20,d0,35,0.1552094003662141,1.1679024947116132,9.16408644102869,9.008877040662476
2,20,d1,35,0.2063265640213796,1.2291545361096397,9.223525010953564,9.017198446932184
2,20,d2,35,0.19571951237611884,1.216185732442875,9.214509071959936,9.018789559583817
2,20,d3,35,0.17577636631353677,1.1921714191476331,9.19142975224819,9.015653385934653
2,50,d0,35,6.723260122856843,831.5239676875632,35.99027390245252,29.26701377959568
2,50,d1,35,6.904605265053789,996.8549421602444,36.15864172281749,29.254036457763704
2,50,d2,35,6.965959116153584,1059.9310270344124,36.2207228451713,29.254763729017718
2,50,d3,35,6.967910661427812,1062.0015501238665,36.235801401394305,29.267890739966493
2,100,d0,35,19.000925486066727,178647560.30670023,72.13782521293103,53.13689972686431
2,100,d1,35,19.230215617769524,224686266.893642,72.37143982074284,53.14122420297331
2,100,d2,35,19.294934452021224,239708570.05540165,72.42862447456386,53.13369002254264
2,100,d3,35,19.316083428247282,244832149.15991798,72.44707124540568,53.1309878171584
2,200,d0,35,33.50934650351182,357210551336942.94,152.60726247805175,119.09791597453993
2,200,d1,35,33.73142306326096,446037017445424.06,152.81313670243995,119.08171363917899
2,200,d2,35,33.79634870211669,475957034350640.56,152.87550050333178,119.07915180121509
2,200,d3,35,33.807303452044366,481199688189860.3,152.89164915434355,119.08434570229919
2,20,d0,36,0.12070853587714048,1.1282960066316627,9.133425375883203,9.012716840006062
2,20,d1,36,0.18486857764174403,1.2030603207132375,9.19917227590559,9.014303698263847
2,20,d2,36,0.19235020863672503,1.2120949287568066,9.198792689424938,9.006442480788213
2,20,d3,36,0.1832337261933823,1.2010951026629504,9.197142142571089,9.013908416377706
2,50,d0,36,6.72240964732401,830.8170775370781,35.986534523927844,29.264124876603834
2,50,d1,36,6.912311190371209,1004.5663053319979,36.17654382842604,29.264232638054832
2,50,d2,36,6.968968040294957,1063.1250820146013,36.22496117992967,29.255993139634715
2,50,d3,36,6.962546604100638,1056.320164189967,36.22910945402897,29.266562849928334
2,100,d0,36,19.00094881254254,178651727.57329828,72.13796262220829,53.13701380966575
2,100,d1,36,19.224615473328384,223431508.03977802,72.3597131131351,53.135097639806716
2,100,d2,36,19.29061317124868,238674956.89537257,72.4284284704941,53.13781529924542
2,100,d3,36,19.29248528820765,239122202.84759763,72.43834346943225,53.145858181224604
2,200,d0,36,33.511726405137466,358061689719845.25,152.60838636596844,119.09665996083098
2,200,d1,36,33.749258241804796,454063531681866.2,152.83017735554736,119.08091911374257
2,200,d2,36,33.79092292568238,473381591097786.2,152.8752517726636,119.08432884698122
2,200,d3,36,33.78643679918052,471262697761862.4,152.87650442129367,119.09006762211315
2,20,d0,37,0.10616402485684873,1.112004257887797,9.124383355790618,9.01821933093377
2,20,d1,37,0.19226218308117282,1.2119882381231408,9.2107394575787,9.018477274497528
2,20,d2,37,0.20208220613787908,1.2239486200648593,9.213962876720526,9.011880670582647
2,20,d3,37,0.20308745597206368,1.225179612836207,9.215859184177015,9.012771728204951
2,50,d0,37,6.733302547220262,839.9165546666294,35.99833433487419,29.265031787653925
2,50,d1,37,6.920973711134401,1013.3061818380318,36.17632186783359,29.255348156699192
2,50,d2,37,6.958749705636375,1052.3170283402103,36.22631276707046,29.267563061434085
2,50,d3,37,6.98490479979457,1080.2035772348925,36.22845830398572,29.243553504191148
2,100,d0,37,18.984271260743554,175696961.74916983,72.13246261923035,53.1481913584868
2,100,d1,37,19.24143512130577,227221329.74071527,72.3730242633986,53.131589142092835
2,100,d2,37,19.299762550025015,240868704.89271164,72.44009441594321,53.14033186591819
2,100,d3,37,19.30680386314443,242570722.05022514,72.44062078239816,53.133816919253725
2,200,d0,37,33.51211717986598,358201638521884,152.59832895477547,119.08621177490949
2,200,d1,37,33.72855709751698,444760520704581.06,152.80453604072702,119.07597894321003
2,200,d2,37,33.80094654990488,478150450982102.06,152.87832095877877,119.0773744088739
2,200,d3,37,33.80413229787743,479676146762657.06,152.87975692322297,119.07562462534554
2,20,d0,38,0.1477589816569136,1.15923346616116,9.159333064530255,9.011574082873341
2,20,d1,38,0.19897805529983437,1.2201551896662826,9.2141472148411,9.015169159541266
2,20,d2,38,0.19274994112676325,1.2125795393316843,9.209942111892234,9.01719217076547
2,20,d3,38,0.21041227624088243,1.234186780969349,9.219280641835155,9.008868365594273
2,50,d0,38,6.733658147652633,840.2152824673442,35.99810643295807,29.264448285305434
2,50,d1,38,6.907599977720729,999.8447107972082,36.1679693269971,29.260369349276374
2,50,d2,38,6.950818659618786,1044.004062395859,36.21960058724226,29.268781927623476
2,50,d3,38,6.969169325707927,1063.3390951239096,36.23379482296883,29.264625497260905
2,100,d0,38,19.01109382624908,180473376.5010503,72.15265348001543,53.14155965376635
2,100,d1,38,19.210367848927923,220270710.23259252,72.35304601718646,53.142678168258534
2,100,d2,38,19.295368259526853,239812579.9907696,72.4337427290955,53.138374469568646
2,100,d3,38,19.284428059362682,237203281.51269007,72.43438548423687,53.14995742487419
2,200,d0,38,33.515243964044075,359323410593420.56,152.6075375882828,119.09229362423874
2,200,d1,38,33.70467572023489,434264851250089.9,152.7973940865992,119.09271836636432
2,200,d2,38,33.78748560611885,471757220633228.6,152.87367377999746,119.08618817387861
2,200,d3,38,33.80701828191323,481062483975878.4,152.8877873557781,119.08076907386487
2,20,d0,39,0.12505372101974999,1.133209328592386,9.149004568594949,9.023950847575199
2,20,d1,39,0.16754910232432607,1.1824033475121891,9.195654974687256,9.02810587236293
2,20,d2,39,0.20045108681451929,1.2219538411233781,9.219142593366081,9.018691506551562
2,20,d3,39,0.17558568167471833,1.1919441120438385,9.201149924660935,9.025564242986217
2,50,d0,39,6.72289294828818,831.2187092783869,35.98361342553303,29.26072047724485
2,50,d1,39,6.912434916002226,1004.690603621307,36.1737193986066,29.261284482604374
2,50,d2,39,6.976352342311408,1071.0045751757514,36.239131390282246,29.262779047970838
2,50,d3,39,6.967379153166636,1061.4372375082876,36.221811679906885,29.25443252674025
2,100,d0,39,19.01298119303229,180814317.59635395,72.15124620489581,53.138265011863524
2,100,d1,39,19.21920883574016,222226754.61733678,72.36325720374982,53.14404836800966
2,100,d2,39,19.288114307681376,238079285.30214366,72.4385347410701,53.150420433388724
2,100,d3,39,19.283385074753703,236956011.112899,72.43130500559901,53.14791993084531
2,200,d0,39,33.496323586132064,352588787582811.5,152.5949545552356,119.09863096910354
2,200,d1,39,33.70188669667388,433055363776781.06,152.79583133909298,119.0939446424191
2,200,d2,39,33.76295172031294,460324006910236.5,152.86822634144778,119.10527462113484
2,200,d3,39,33.77456892598141,465702868750888.9,152.88166572967003,119.10709680368862
2,20,d0,40,0.14632548908283205,1.1575729040818534,9.137894606613488,8.991569117530656
2,20,d1,40,0.20403236360185595,1.2263378415236268,9.200220755665116,8.99618839206326
2,20,d2,40,0.2135114850373796,1.23801771686619,9.20456124018846,8.99104975515108
2,20,d3,40,0.2069379754079197,1.2299062849793254,9.205446374808647,8.998508399400727
2,50,d0,40,6.727329082360573,834.9142979190266,35.994935480465216,29.267606398104643
2,50,d1,40,6.8990697936009475,991.3521244815607,36.171395334851475,29.272325541250527
2,50,d2,40,6.970015187504341,1064.2389135484723,36.23480472896599,29.26478954146165
2,50,d3,40,6.960237301454786,1053.8836156867071,36.234210477191496,29.27397317573671
2,100,d0,40,19.01180716674544,180602161.39730337,72.14184452661884,53.1300373598734
2,100,d1,40,19.229034409210286,224421022.2375133,72.35862656002996,53.129592150819676
2,100,d2,40,19.296856455150973,240169733.7143085,72.42504331271849,53.12818685756751
2,100,d3,40,19.30002807088107,240932669.04896432,72.42179595289636,53.12176788201529
2,200,d0,40,33.528683105432634,364185003357859.06,152.61430894078666,119.08562583535402
2,200,d1,40,33.72079856898405,441323185090044.3,152.7991169290814,119.07831836009736
2,200,d2,40,33.7879690190303,471985329295646.6,152.86716696189714,119.07919794286684
2,200,d3,40,33.78313824595968,469710773631601.6,152.88056074570255,119.09742249974288
2,20,d0,41,0.11892019439461521,1.1262800312419294,9.131788260086509,9.012868065691894
2,20,d1,41,0.18630711065284444,1.2047922080888485,9.194030560274923,9.007723449622079
2,20,d2,41,0.18712935346253445,1.2057832472006766,9.203867029172212,9.016737675709678
2,20,d3,41,0.1875971186363543,1.2063474025467176,9.20838378570289,9.020786667066536
2,50,d0,41,6.730778910098625,837.7995824285954,35.997286076024594,29.26650716592597
2,50,d1,41,6.9089053855014235,1001.1507681454118,36.18158584318505,29.272680457683624
2,50,d2,41,6.965333974875975,1059.2686274662226,36.22703458837404,29.261700613498064
2,50,d3,41,6.957444689261191,1050.9446330802582,36.22397820596576,29.266533516704566
2,100,d0,41,19.010595046548694,180383382.4898501,72.1442384183427,53.133643371794
2,100,d1,41,19.25372171238434,230030326.4634402,72.3708948399212,53.117173127536866
2,100,d2,41,19.288136107971482,238084475.5562059,72.41726065037908,53.129124542407595
2,100,d3,41,19.33242730594496,248866534.80925578,72.45168650838798,53.11925920244302
2,200,d0,41,33.51653796611703,359788676794381.56,152.5995795244994,119.08304155838238
2,200,d1,41,33.709037254087036,436163048616538.06,152.8116697912417,119.10263253715468
2,200,d2,41,33.79053279233685,473196945174545.3,152.87649005551674,119.08595726317989
2,200,d3,41,33.79366091045969,474679478675479.2,152.88982838149306,119.09616747103337
2,20,d0,42,0.13188477857282344,1.1409768467124992,9.152570852838801,9.020686074265978
2,20,d1,42,0.18684939962838776,1.205445730804182,9.19427149175508,9.007422092126692
2,20,d2,42,0.20153480597327267,1.22327881373154,9.218052052079676,9.016517246106403
2,20,d3,42,0.18098807022473018,1.1984008825547094,9.207074543795997,9.026086473571267
2,50,d0,42,6.720242305707327,829.0183630275894,35.99485998438473,29.274617678677405
2,50,d1,42,6.911658412578532,1003.910760742359,36.17385225970966,29.26219384713113
2,50,d2,42,6.9599580886333925,1053.5893989454057,36.221202185338456,29.261244096705063
2,50,d3,42,6.966646292019451,1060.6596363683775,36.23268993836955,29.266043646350102
2,100,d0,42,19.00780467574471,179880747.560875,72.14456673643292,53.13676206068821
2,100,d1,42,19.22715678295242,224000038.78181913,72.36154831014767,53.13439152719525
2,100,d2,42,19.321430698254844,246144839.29445714,72.44815836174257,53.12672766348773
2,100,d3,42,19.307167753811967,242659007.334318,72.44670484514405,53.13953709133209
2,200,d0,42,33.50327656852035,355048873770297.1,152.60987779516455,119.1066012266442
2,200,d1,42,33.70690104109313,435232305930878.7,152.80953740539601,119.10263636430288
2,200,d2,42,33.76188822486304,459834714649571.7,152.8670752692671,119.10518704440406
2,200,d3,42,33.78568427543229,470908194792821.25,152.87697986230316,119.09129558687087
2,20,d0,43,0.1161031540075168,1.1231117196328544,9.130404848024636,9.014301694017119
2,20,d1,43,0.1844427517099696,1.2025481354898033,9.200338051040017,9.015895299330047
2,20,d2,43,0.20632728014272494,1.229155416333755,9.221343181309251,9.015015901166526
2,20,d3,43,0.17818673776736915,1.1950484610813543,9.200329261844413,9.022142524077044
2,50,d0,43,6.725755625318289,833.6016291220659,35.99241538270108,29.266659757382794
2,50,d1,43,6.921402625042969,1013.7408961739078,36.17347875430686,29.252076129263894
2,50,d2,43,6.976753683016817,1071.4344991746782,36.23706152888626,29.26030784586944
2,50,d3,43,6.953909728933237,1047.236144038019,36.2201889291871,29.266279200253866
2,100,d0,43,18.992466372970334,177142734.11050564,72.13835969626648,53.14589332329614
2,100,d1,43,19.22675438415593,223909919.5689474,72.36530284380875,53.13854845965282
2,100,d2,43,19.29795409716533,240433498.8379689,72.43684718025649,53.13889308309116
2,100,d3,43,19.294338923130255,239565859.17496476,72.43484985505353,53.140510931923274
2,200,d0,43,33.505518100933756,355845619961801.7,152.6071241918776,119.10160609094385
2,200,d1,43,33.72388449655999,442687179989113.2,152.81390196153086,119.09001746497087
2,200,d2,43,33.79286219338924,474300495443203.8,152.88104065521108,119.08817846182184
2,200,d3,43,33.80049748476529,477935778487660.56,152.88217103482464,119.08167355005935
2,20,d0,44,0.10769727481792657,1.1137105461218366,9.13117546228983,9.023478187471904
2,20,d1,44,0.17946153549240762,1.1965728775957585,9.198499401653727,9.01903786616132
2,20,d2,44,0.17314598670467696,1.1890396763982594,9.195198366060612,9.022052379355936
2,20,d3,44,0.2105582959787089,1.234367009757695,9.228047454632996,9.017489158654287
2,50,d0,44,6.7126467442022,822.7453567237194,35.983864106725306,29.271217362523107
2,50,d1,44,6.897216829138095,989.5168850665361,36.166673556005556,29.26945672686746
2,50,d2,44,6.955624922473021,1049.0338980141717,36.22838725708202,29.272762334609
2,50,d3,44,6.977108176087587,1071.8143826094638,36.24189475680839,29.264786580720806
2,100,d0,44,19.002419490621584,178914660.0499474,72.13332175810231,53.13090226748073
2,100,d1,44,19.219030663848336,222187163.5831619,72.36071855350595,53.14168788965761
2,100,d2,44,19.2856405655996,237491066.406173,72.42667116312082,53.141030597521215
2,100,d3,44,19.300701587135045,241094995.7763909,72.44241472697956,53.14171313984452
2,200,d0,44,33.509941131881746,357423022029094.44,152.5983074828212,119.08836635093947
2,200,d1,44,33.740181653833105,449960831517818.25,152.8160483162452,119.0758666624121
2,200,d2,44,33.767351804617434,462353933998109.25,152.8640539442696,119.09670213965218
2,200,d3,44,33.82542792254175,490000693599669.94,152.9001421423044,119.07471421976264
2,20,d0,45,0.13095012892203428,1.1399109313074873,9.142030582734494,9.01108045381246
2,20,d1,45,0.16662264765672674,1.181308411694418,9.194429753037214,9.027807105380488
2,20,d2,45,0.19068742583610643,1.2100811528565,9.211105818292287,9.02041839245618
2,20,d3,45,0.1891283604872367,1.208196027160682,9.209373162177824,9.020244801690588
2,50,d0,45,6.708817346164249,819.6007620640281,35.979963463812105,29.271146117647856
2,50,d1,45,6.9136781205475835,1005.9404162718192,36.17638932811229,29.26271120756471
2,50,d2,45,6.987573983885262,1083.0906908426978,36.25071180015185,29.263137816266585
2,50,d3,45,6.965374051460241,1059.311080185306,36.23040530095489,29.26503124949465
2,100,d0,45,18.97404360683906,173909152.16560587,72.12744026992027,53.15339666308121
2,100,d1,45,19.218066364112218,221973011.82978392,72.35846868642443,53.14040232231221
2,100,d2,45,19.295927165361086,239946650.10364288,72.43388061425516,53.13795344889407
2,100,d3,45,19.314198369739962,244371060.9599334,72.45826087595134,53.14406250621138
2,200,d0,45,33.5255757052183,363055091254121.2,152.60017478161964,119.07459907640134
2,200,d1,45,33.72951438507282,445186488270573.5,152.80810256693007,119.07858818185726
2,200,d2,45,33.77895095268451,467748068945711.06,152.86666462764498,119.08771367496047
2,200,d3,45,33.78087078445925,468646929105113.5,152.86814953966893,119.08727875520968
2,20,d0,46,0.10606923180147554,1.1118988526025275,9.1188246804845,9.012755448683025
2,20,d1,46,0.21828899640389743,1.2439465117460655,9.220387156315411,9.002098159911514
2,20,d2,46,0.20456574547799455,1.2269921223775813,9.209540885646934,9.00497514016894
2,20,d3,46,0.19230449021607043,1.2120395149577057,9.207613828306263,9.015309338090193
2,50,d0,46,6.709874891451122,820.4679854702539,35.98940055863174,29.27952566718062
2,50,d1,46,6.8926333430294875,984.9918263634506,36.1592807336009,29.266647390571414
2,50,d2,46,6.951130274979473,1044.329440792141,36.22122525754325,29.27009498256378
2,50,d3,46,6.973950111085713,1068.434862300414,36.23598253153915,29.262032420453437
2,100,d0,46,19.00005465125914,178492055.5122161,72.13806371672955,53.138009065470406
2,100,d1,46,19.2189529639545,222169900.33482465,72.3601715964692,53.1412186325147
2,100,d2,46,19.280960499447666,236382189.33789456,72.42264976675898,53.141689267311314
2,100,d3,46,19.298106593889713,240470166.95478627,72.44612321512186,53.148016621232145
2,200,d0,46,33.50077193449745,354160718996888.94,152.59946784596804,119.09869591147059
2,200,d1,46,33.72990138418275,445358808387004.44,152.82558041707063,119.09567903288787
2,200,d2,46,33.76627427592818,461856002685453.2,152.85929942677856,119.09302515085038
2,200,d3,46,33.78747907014993,471754137252772.5,152.8882647481291,119.10078567797918
2,20,d0,47,0.09084652204750654,1.0951009185132434,9.101997326244629,9.011150804197122
2,20,d1,47,0.2010914025447903,1.2227365279461146,9.21248021441545,9.01138881187066
2,20,d2,47,0.2100203888024854,1.233703213431462,9.220546981373152,9.010526592570667
2,20,d3,47,0.20454388624779263,1.2269653015674644,9.214933809584954,9.010389923337161
2,50,d0,47,6.727802144732085,835.3093578934461,35.998791647031865,29.27098950229978
2,50,d1,47,6.906918365856388,999.1634369883624,36.16864389263855,29.26172552678216
2,50,d2,47,6.9650372549343835,1058.9543679667872,36.23339507560626,29.268357820671877
2,50,d3,47,6.961399542568664,1055.1091946252564,36.22327336495931,29.261873822390648
2,100,d0,47,19.01078432107868,180417527.7010958,72.14779189502947,53.13700757395079
2,100,d1,47,19.20580204495569,219267289.80249378,72.35209061732502,53.14628857236933
2,100,d2,47,19.296448845516906,240071858.16589865,72.43343006210173,53.13698121658483
2,100,d3,47,19.294809432279045,239678603.62501213,72.44154848065155,53.1467390483725
2,200,d0,47,33.522423183351265,361912354337975.75,152.60685749584337,119.0844343124921
2,200,d1,47,33.71920577937813,440620809624643.3,152.7921690678096,119.07296328843147
2,200,d2,47,33.793743683746584,474718771082307.44,152.8762847819145,119.08254109816792
2,200,d3,47,33.78000589345976,468241775826157.7,152.86792067087993,119.08791477742017
2,20,d0,48,0.1419138968439846,1.1524774123223533,9.163583226436293,9.021669329592308
2,20,d1,48,0.18747900966545394,1.206204930510233,9.210865441209764,9.02338643154431
2,20,d2,48,0.18287859158277087,1.2006686279538061,9.202194556543288,9.019315964960517
2,20,d3,48,0.20288249311459872,1.2249285222548527,9.219962460325567,9.017079967210968
2,50,d0,48,6.7117492255990285,822.0072587382708,35.98623906927353,29.274489843674502
2,50,d1,48,6.89916835065976,991.4498340461021,36.17117037521151,29.27200202455175
2,50,d2,48,6.953865011716903,1047.1893155998405,36.225589199388146,29.271724187671243
2,50,d3,48,6.980737043805259,1075.710920956941,36.24486121306432,29.26412416925906
2,100,d0,48,18.986169388713208,176030773.77519664,72.13360986035256,53.14744047163936
2,100,d1,48,19.208746367811017,219913834.84688374,72.34798614099266,53.13923977318164
2,100,d2,48,19.267177740460077,233146539.90282485,72.4160873484296,53.14890960796952
2,100,d3,48,19.302082341864356,241428118.75966528,72.4397095256411,53.13762718377675
2,200,d0,48,33.51853791031243,360508954087225.06,152.6017209309149,119.08318302060246
2,200,d1,48,33.708707300277226,436019158696767.5,152.7940165754869,119.08530927520967
2,200,d2,48,33.783526511349294,469893181477168.1,152.86891360827735,119.08538709692806
2,200,d3,48,33.79498346754565,475307684711162.06,152.88028627544134,119.08530280789569
2,20,d0,49,0.1405651095064897,1.1509240132198826,9.150737341305415,9.010172231798926
2,20,d1,49,0.19100864996928912,1.2104699225636704,9.202887133241667,9.011878483272378
2,20,d2,49,0.22090091830115632,1.247199849761956,9.231196120394069,9.010295202092912
2,20,d3,49,0.20782573609995403,1.2309986322337516,9.216952182919112,9.009126446819158
2,50,d0,49,6.7300761297269744,837.211000172941,36.00181088910626,29.271734759379285
2,50,d1,49,6.928814663734379,1021.2826984567791,36.18474626146538,29.255931597731
2,50,d2,49,6.952802134771272,1046.0768735178265,36.21866364403522,29.265861509263946
2,50,d3,49,6.9649422615527605,1058.8537790881041,36.236018318514205,29.271076056961444
2,100,d0,49,19.02870529949991,183679931.74533945,72.14508408167508,53.11637878217517
2,100,d1,49,19.20987545771205,220162277.56759685,72.34697996143122,53.137104503719165
2,100,d2,49,19.301046392134005,241178140.86975703,72.43289399262414,53.13184760049014
2,100,d3,49,19.308254182344065,242922782.2638162,72.44052884236196,53.13227466001789
2,200,d0,49,33.506315162359286,356129363844546.8,152.60594799404225,119.09963283168297
2,200,d1,49,33.69637999656943,430677211654646.5,152.79842522143812,119.10204522486869
2,200,d2,49,33.748635922662004,453781047160935.94,152.86036304662628,119.11172712396427
2,200,d3,49,33.78424538348146,470231096034554.94,152.88945285769478,119.10520747421332
2,20,d0,50,0.13384344362792433,1.1432138282244353,9.144059031761472,9.010215588133548
2,20,d1,50,0.18075558574619777,1.1981223053341505,9.200164592970433,9.019409007224235
2,20,d2,50,0.2012568093911451,1.2229387936667313,9.207772103471578,9.006515294080433
2,20,d3,50,0.19162827625537027,1.211220193966138,9.21123603034598,9.01960775409061
2,50,d0,50,6.738875058593646,844.6100643927896,35.99929340351501,29.260418344921366
2,50,d1,50,6.918690714416627,1010.9954458557706,36.18031848043791,29.261627766021284
2,50,d2,50,6.97226561456409,1066.6366024976974,36.230086552709814,29.257820938145723
2,50,d3,50,6.966806020829942,1060.829067801611,36.24049375187696,29.27368773104702
2,100,d0,50,19.003523362821845,179112268.0163,72.13879561048311,53.13527224766127
2,100,d1,50,19.217007591318293,221738117.2158293,72.35832524052887,53.14131764921058
2,100,d2,50,19.272106740246755,234298555.95936373,72.42373237639038,53.15162563614362
2,100,d3,50,19.30655111967681,242509421.63175765,72.4404662272749,53.133915107598085
2,200,d0,50,33.53768417484555,367477855214287.44,152.6230222716359,119.08533809679035
2,200,d1,50,33.731545489013556,446091627205721.56,152.8207165865012,119.08917109748764
2,200,d2,50,33.7849666982473,470570403026342,152.88410775902133,119.09914106077403
2,200,d3,50,33.78487468878657,470527108089126.75,152.88450887401913,119.09963418523256
