epsilon,prior0,post0,log_bf10,method,post0_mcse,delta_true,N,order,replicate
0.01,0.002746323504498009,3.3260514793191426e-7,9.018817623243367,logspline,NA,1,500,d0,1
0.02,0.0054926057662523144,8.039283344551711e-7,8.82940321058573,logspline,NA,1,500,d0,1
0.03,0.008238805544908143,1.4718240286009167e-6,8.630108186880758,logspline,NA,1,500,d0,1
0.04,0.0109848816048883,2.4182757861497057e-6,8.421220405703151,logspline,NA,1,500,d0,1
0.05,0.01373079271778126,3.759459652461189e-6,8.203120995654723,logspline,NA,1,500,d0,1
0.060000000000000005,0.016476497664728397,5.660004660600707e-6,7.976265544891224,logspline,NA,1,500,d0,1
0.06999999999999999,0.01922195523881009,8.353200887228426e-6,7.741163601542106,logspline,NA,1,500,d0,1
0.08,0.021967124247430476,1.21696355857269e-5,7.498358299396014,logspline,NA,1,500,d0,1
0.09,0.02471196351470038,1.7577772454439593e-5,7.248407583024469,logspline,NA,1,500,d0,1
0.09999999999999999,0.02745643188381845,2.5241455106270748e-5,6.9918680453837645,logspline,NA,1,500,d0,1
0.11,0.030200488219449886,3.6101393235380665e-5,6.729281911067267,logspline,NA,1,500,d0,1
0.12,0.032944091410102745,5.149063382977236e-5,6.461167280228684,logspline,NA,1,500,d0,1
0.13,0.03568720037050136,7.329819141035008e-5,6.188011435653513,logspline,NA,1,500,d0,1
0.14,0.03842977404395676,1.0420092275133096e-4,5.910266819004096,logspline,NA,1,500,d0,1
0.15000000000000002,0.04117177140473359,1.4798754791774463e-4,5.628380005895305,logspline,NA,1,500,d0,1
0.16,0.04391315146041354,2.0994474685016474e-4,5.343124746024198,logspline,NA,1,500,d0,1
0.17,0.04665387325425476,2.9728216346913596e-4,5.05582949764129,logspline,NA,1,500,d0,1
0.18000000000000002,0.04939389586754706,4.1962394107844677e-4,4.768223198304805,logspline,NA,1,500,d0,1
0.19,0.05213317842196275,5.894965700255131e-4,4.4822879454615645,logspline,NA,1,500,d0,1
0.2,0.054871680081902546,8.22710877155805e-4,4.2001478135227535,logspline,NA,1,500,d0,1
0.21000000000000002,0.057609360056836666,0.0011384873733126704,3.9239845396610398,logspline,NA,1,500,d0,1
0.22,0.060346177603640506,0.0015591244973816613,3.65597316430669,logspline,NA,1,500,d0,1
0.23,0.06308209202892474,0.002108981332280983,3.39823187623707,logspline,NA,1,500,d0,1
0.24000000000000002,0.06581706269135969,0.0028125680293892793,3.1527811606694094,logspline,NA,1,500,d0,1
0.25,0.06855104900399345,0.003691639118021144,2.9215081438000565,logspline,NA,1,500,d0,1
0.26,0.07128401043656375,0.00476138807719031,2.706132806131394,logspline,NA,1,500,d0,1
0.27,0.07401590651780321,0.00602623653791922,2.5081573302199707,logspline,NA,1,500,d0,1
0.28,0.07674669683773747,0.0074789467575209975,2.328418373342373,logspline,NA,1,500,d0,1
0.29000000000000004,0.07947634104997642,0.009105668108803451,2.1665622917942717,logspline,NA,1,500,d0,1
0.3,0.08220479887399783,0.01088964311263115,2.021401516438992,logspline,NA,1,500,d0,1
0.31,0.08493203009742345,0.012814314563720489,1.891288419333988,logspline,NA,1,500,d0,1
0.32,0.08765799457828682,0.014866278415541844,1.7743473629860287,logspline,NA,1,500,d0,1
0.33,0.09038265224729335,0.017037890124423923,1.6686126543179045,logspline,NA,1,500,d0,1
0.34,0.0931059631100714,0.019328182067109415,1.5721739912524986,logspline,NA,1,500,d0,1
0.35000000000000003,0.09582788724941517,0.021738415890852486,1.4834727283206706,logspline,NA,1,500,d0,1
0.36000000000000004,0.09854838482751818,0.024269572391628177,1.4013242433143798,logspline,NA,1,500,d0,1
0.37,0.1012674160881978,0.026922266504596108,1.3248110066311167,logspline,NA,1,500,d0,1
0.38,0.10398494135911003,0.02969673991158788,1.253208821536496,logspline,NA,1,500,d0,1
0.39,0.10670092105395497,0.03259285650006227,1.1859366518575785,logspline,NA,1,500,d0,1
0.4,0.10941531567467178,0.03561010070540267,1.122521551920713,logspline,NA,1,500,d0,1
0.41000000000000003,0.11212808581362389,0.038747578732819844,1.0625735716591962,logspline,NA,1,500,d0,1
0.42000000000000004,0.11483919215577354,0.042004022620359356,1.0057674303362611,logspline,NA,1,500,d0,1
0.43,0.11754859548084554,0.045377797071161505,0.9518288925178496,logspline,NA,1,500,d0,1
0.44,0.1202562566654803,0.04886690895170601,0.9005244792583216,logspline,NA,1,500,d0,1
0.45,0.12296213668537552,0.052469019323750594,0.8516535888600418,logspline,NA,1,500,d0,1
0.46,0.12566619661741654,0.0561814578514411,0.8050423873366801,logspline,NA,1,500,d0,1
0.47000000000000003,0.12836839764179495,0.06000123940195346,0.7605390179692438,logspline,NA,1,500,d0,1
0.48000000000000004,0.13106870104411555,0.06392508263827465,0.7180098072698206,logspline,NA,1,500,d0,1
0.49,0.13376706821749096,0.0679494303865163,0.6773362327460529,logspline,NA,1,500,d0,1
0.5,0.13646346066462398,0.07207047154758187,0.6384124795259327,logspline,NA,1,500,d0,1
0.51,0.1391578399998776,0.07628416431409883,0.6011434567422698,logspline,NA,1,500,d0,1
0.52,0.1418501679513319,0.08058626044824646,0.5654431761817592,logspline,NA,1,500,d0,1
0.53,0.1445404063628282,0.08497233037434727,0.531233418784267,logspline,NA,1,500,d0,1
0.54,0.14722851719599986,0.08943778884168428,0.4984426316343381,logspline,NA,1,500,d0,1
0.55,0.14991446253228985,0.09397792091774898,0.4670050108305373,logspline,NA,1,500,d0,1
0.56,0.15259820457495465,0.09858790807975679,0.4368597352370558,logspline,NA,1,500,d0,1
0.5700000000000001,0.155279705651054,0.10326285418250225,0.40795032345131055,logspline,NA,1,500,d0,1
0.5800000000000001,0.157958928213427,0.10799781109315093,0.38022409195552204,logspline,NA,1,500,d0,1
0.59,0.16063583484265387,0.11278780379804518,0.3536316967873191,logspline,NA,1,500,d0,1
0.6,0.16331038824900315,0.11762785480269845,0.3281267444755092,logspline,NA,1,500,d0,1
0.61,0.16598255127436423,0.12251300766351919,0.30366546067089784,logspline,NA,1,500,d0,1
0.62,0.16865228689416528,0.12743834950810526,0.2802064070278943,logspline,NA,1,500,d0,1
0.63,0.171319558219276,0.13239903241985304,0.2577102385874015,logspline,NA,1,500,d0,1
0.64,0.17398432849789494,0.13739029358181745,0.23613949527073755,logspline,NA,1,500,d0,1
0.65,0.17664656111742183,0.14240747409395052,0.21545842219073014,logspline,NA,1,500,d0,1
0.66,0.1793062196063141,0.14744603639677137,0.19563281437520577,logspline,NA,1,500,d0,1
0.67,0.18196326763592735,0.1525015802529273,0.1766298822228733,logspline,NA,1,500,d0,1
0.68,0.18461766902234059,0.15756985725580241,0.1584181346051512,logspline,NA,1,500,d0,1
0.6900000000000001,0.18726938772816468,0.16264678385111425,0.14096727701593337,logspline,NA,1,500,d0,1
0.7000000000000001,0.18991838786433443,0.16772845287317412,0.12424812257494129,logspline,NA,1,500,d0,1
0.7100000000000001,0.1925646336918852,0.17281114361204825,0.1082325140253062,logspline,NA,1,500,d0,1
0.72,0.1952080896237114,0.1778913304411558,0.09289325514510155,logspline,NA,1,500,d0,1
0.73,0.1978487202263096,0.1829656900468081,0.07820405022602785,logspline,NA,1,500,d0,1
0.74,0.20048649022150355,0.1880311073118092,0.06413945046834302,logspline,NA,1,500,d0,1
0.75,0.20312136448815293,0.1930846799144776,0.05067480630618961,logspline,NA,1,500,d0,1
0.76,0.2057533080638442,0.19812372171233092,0.03778622481691765,logspline,NA,1,500,d0,1
0.77,0.2083822861465646,0.20314576498623302,0.025450531486205727,logspline,NA,1,500,d0,1
0.78,0.21100826409635792,0.20814856162608267,0.01364523570127318,logspline,NA,1,500,d0,1
0.79,0.21363120743696332,0.2131300833431895,0.0023484994301369642,logspline,NA,1,500,d0,1
0.8,0.21625108185743552,0.21808852099741385,-0.008460891381931231,logspline,NA,1,500,d0,1
0.81,0.2188678532137475,0.22302228312902975,-0.018803553104897567,logspline,NA,1,500,d0,1
0.8200000000000001,0.22148148753037505,0.22792999378619375,-0.028699528757733968,logspline,NA,1,500,d0,1
0.8300000000000001,0.2240919510018628,0.23281048973897311,-0.03816831068953893,logspline,NA,1,500,d0,1
0.8400000000000001,0.226699209994372,0.23766281717019727,-0.04722886187423379,logspline,NA,1,500,d0,1
0.85,0.22930323104720982,0.24248622793206115,-0.055899636050743225,logspline,NA,1,500,d0,1
0.86,0.2319039808743399,0.24728017545552267,-0.06419859691096488,logspline,NA,1,500,d0,1
0.87,0.23450142636587423,0.2520443103972031,-0.072143236512293,logspline,NA,1,500,d0,1
0.88,0.23709553458954613,0.2567784761058251,-0.07975059306949077,logspline,NA,1,500,d0,1
0.89,0.23968627279216423,0.26148270270596063,-0.08703726336150802,logspline,NA,1,500,d0,1
0.9,0.2422736084010474,0.26615715405261975,-0.09401923831204255,logspline,NA,1,500,d0,1
0.91,0.24485750902544018,0.270802018481881,-0.10071154924615715,logspline,NA,1,500,d0,1
0.92,0.24743794245790948,0.2754174832639964,-0.1071282544208426,logspline,NA,1,500,d0,1
0.93,0.2500148766757213,0.2800037344838914,-0.1132825177280979,logspline,NA,1,500,d0,1
0.9400000000000001,0.2525882798421982,0.28456095704866813,-0.1191866801435385,logspline,NA,1,500,d0,1
0.9500000000000001,0.2551581203080574,0.28908933469506026,-0.12485232430972219,logspline,NA,1,500,d0,1
0.9600000000000001,0.25772436661272835,0.2935890499968403,-0.13029033302331255,logspline,NA,1,500,d0,1
0.97,0.2602869874856519,0.29806028437218113,-0.13551094229702298,logspline,NA,1,500,d0,1
0.98,0.2628459518475579,0.30250321809097025,-0.1405237895831545,logspline,NA,1,500,d0,1
0.99,0.26540122881172484,0.30691803028207765,-0.14533795767318655,logspline,NA,1,500,d0,1
1,0.2679527876852174,0.311304898940578,-0.14996201472556833,logspline,NA,1,500,d0,1
0.01,0.002746323504498009,0,Inf,ecdf,0,1,500,d0,1
0.02,0.0054926057662523144,0,Inf,ecdf,0,1,500,d0,1
0.03,0.008238805544908143,0,Inf,ecdf,0,1,500,d0,1
0.04,0.0109848816048883,0,Inf,ecdf,0,1,500,d0,1
0.05,0.01373079271778126,0,Inf,ecdf,0,1,500,d0,1
0.060000000000000005,0.016476497664728397,0,Inf,ecdf,0,1,500,d0,1
0.06999999999999999,0.01922195523881009,0,Inf,ecdf,0,1,500,d0,1
0.08,0.021967124247430476,0,Inf,ecdf,0,1,500,d0,1
0.09,0.02471196351470038,0,Inf,ecdf,0,1,500,d0,1
0.09999999999999999,0.02745643188381845,0,Inf,ecdf,0,1,500,d0,1
0.11,0.030200488219449886,0,Inf,ecdf,0,1,500,d0,1
0.12,0.032944091410102745,0,Inf,ecdf,0,1,500,d0,1
0.13,0.03568720037050136,0,Inf,ecdf,0,1,500,d0,1
0.14,0.03842977404395676,0,Inf,ecdf,0,1,500,d0,1
0.15000000000000002,0.04117177140473359,3.333333333333333e-4,4.816365150114872,ecdf,3.332777731473764e-4,1,500,d0,1
0.16,0.04391315146041354,3.333333333333333e-4,4.880826141570758,ecdf,3.332777731473764e-4,1,500,d0,1
0.17,0.04665387325425476,3.333333333333333e-4,4.941368240473134,ecdf,3.332777731473764e-4,1,500,d0,1
0.18000000000000002,0.04939389586754706,3.333333333333333e-4,4.99843913979288,ecdf,3.332777731473764e-4,1,500,d0,1
0.19,0.05213317842196275,6.666666666666666e-4,4.359266676101123,ecdf,4.7124735975289457e-4,1,500,d0,1
0.2,0.054871680081902546,6.666666666666666e-4,4.4104624780269,ecdf,4.7124735975289457e-4,1,500,d0,1
0.21000000000000002,0.057609360056836666,6.666666666666666e-4,4.459150163594902,ecdf,4.7124735975289457e-4,1,500,d0,1
0.22,0.060346177603640506,0.002,3.4069504278383684,ecdf,8.156796756897485e-4,1,500,d0,1
0.23,0.06308209202892474,0.0023333333333333335,3.297139065852129,ecdf,8.808875995057276e-4,1,500,d0,1
0.24000000000000002,0.06581706269135969,0.003,3.088266827466607,ecdf,9.984988733093294e-4,1,500,d0,1
0.25,0.06855104900399345,0.0033333333333333335,3.0236059043223174,ecdf,0.0010523342660045845,1,500,d0,1
0.26,0.07128401043656375,0.004,2.8803776835991743,ecdf,0.0011523888232710345,1,500,d0,1
0.27,0.07401590651780321,0.005666666666666667,2.569678967660276,ecdf,0.0013704689654221234,1,500,d0,1
0.28,0.07674669683773747,0.007333333333333333,2.348080182906153,ecdf,0.0015577286408481159,1,500,d0,1
0.29000000000000004,0.07947634104997642,0.008333333333333333,2.255195844313821,ecdf,0.0016597076940321838,1,500,d0,1
0.3,0.08220479887399783,0.011333333333333334,1.9814654448722702,ecdf,0.0019326052268797585,1,500,d0,1
0.31,0.08493203009742345,0.013333333333333334,1.8515841252444893,ecdf,0.0020940833758915107,1,500,d0,1
0.32,0.08765799457828682,0.014333333333333333,1.810854990430955,ecdf,0.002170091310589556,1,500,d0,1
0.33,0.09038265224729335,0.018333333333333333,1.5953314524993027,ecdf,0.002449300731652623,1,500,d0,1
0.34,0.0931059631100714,0.019,1.5892992536569588,ecdf,0.0024925890154616345,1,500,d0,1
0.35000000000000003,0.09582788724941517,0.021333333333333333,1.5022829465611667,ecdf,0.0026380688784426016,1,500,d0,1
0.36000000000000004,0.09854838482751818,0.02266666666666667,1.4696522275857318,ecdf,0.0027174061706517665,1,500,d0,1
0.37,0.1012674160881978,0.026,1.3596681639206467,ecdf,0.002905397276334741,1,500,d0,1
0.38,0.10398494135911003,0.028333333333333332,1.3002071262114703,ecdf,0.0030293319151013893,1,500,d0,1
0.39,0.10670092105395497,0.031,1.2360425859685749,ecdf,0.0031643324730502007,1,500,d0,1
0.4,0.10941531567467178,0.03333333333333333,1.1885929798954802,ecdf,0.0032773069341672503,1,500,d0,1
0.41000000000000003,0.11212808581362389,0.036,1.1361229027358897,ecdf,0.00340117626711701,1,500,d0,1
0.42000000000000004,0.11483919215577354,0.04,1.054653366594623,ecdf,0.0035777087639996636,1,500,d0,1
0.43,0.11754859548084554,0.043666666666666666,0.9902667921115197,ecdf,0.0037309466577482666,1,500,d0,1
0.44,0.1202562566654803,0.04733333333333333,0.9324101691813457,ecdf,0.003876978586858968,1,500,d0,1
0.45,0.12296213668537552,0.051333333333333335,0.8735361624107404,ecdf,0.004028987557779341,1,500,d0,1
0.46,0.12566619661741654,0.056666666666666664,0.7964430099457924,ecdf,0.00422119870635327,1,500,d0,1
0.47000000000000003,0.12836839764179495,0.060333333333333336,0.755019494079506,ecdf,0.004347153176590485,1,500,d0,1
0.48000000000000004,0.13106870104411555,0.06433333333333334,0.711643720947428,ecdf,0.0044793807442381865,1,500,d0,1
0.49,0.13376706821749096,0.06766666666666667,0.6815063001016662,ecdf,0.004585771068893027,1,500,d0,1
0.5,0.13646346066462398,0.074,0.6119917981475149,ecdf,0.004779260751762069,1,500,d0,1
0.51,0.1391578399998776,0.07966666666666666,0.5577575651973595,ecdf,0.004943679091826548,1,500,d0,1
0.52,0.1418501679513319,0.082,0.5480520979964759,ecdf,0.005009191551538033,1,500,d0,1
0.53,0.1445404063628282,0.08633333333333333,0.5153433242407099,ecdf,0.005127698928008186,1,500,d0,1
0.54,0.14722851719599986,0.092,0.47019734143340414,ecdf,0.005276867757802286,1,500,d0,1
0.55,0.14991446253228985,0.09833333333333333,0.4217018139855641,ecdf,0.005436416984524791,1,500,d0,1
0.56,0.15259820457495465,0.102,0.40283553993300886,ecdf,0.00552557689295878,1,500,d0,1
0.5700000000000001,0.155279705651054,0.10733333333333334,0.36928878638151325,ecdf,0.0056513387466714145,1,500,d0,1
0.5800000000000001,0.157958928213427,0.11133333333333334,0.34980634690974927,ecdf,0.005742770011711021,1,500,d0,1
0.59,0.16063583484265387,0.11633333333333333,0.32268027411356115,ecdf,0.005853770548085194,1,500,d0,1
0.6,0.16331038824900315,0.121,0.29986206686342304,ecdf,0.005954242185198718,1,500,d0,1
0.61,0.16598255127436423,0.12433333333333334,0.2889165390510646,ecdf,0.0060242442279939586,1,500,d0,1
0.62,0.16865228689416528,0.12966666666666668,0.2628720664663665,ecdf,0.006133330314008919,1,500,d0,1
0.63,0.171319558219276,0.13433333333333333,0.24320630077788008,ecdf,0.006225964152613604,1,500,d0,1
0.64,0.17398432849789494,0.139,0.22449129592359007,ecdf,0.0063160905629986025,1,500,d0,1
0.65,0.17664656111742183,0.142,0.21832384880479175,ecdf,0.006372754506490894,1,500,d0,1
0.66,0.1793062196063141,0.14766666666666667,0.1941375868996659,ecdf,0.006477170735802843,1,500,d0,1
0.67,0.18196326763592735,0.15566666666666668,0.15608787153014078,ecdf,0.006619027006933763,1,500,d0,1
0.68,0.18461766902234059,0.16133333333333333,0.13481441462043414,ecdf,0.006715774685740256,1,500,d0,1
0.6900000000000001,0.18726938772816468,0.165,0.12660268240616535,ecdf,0.006776798654231953,1,500,d0,1
0.7000000000000001,0.18991838786433443,0.169,0.11669572740359653,ecdf,0.006842002630809199,1,500,d0,1
0.7100000000000001,0.1925646336918852,0.174,0.10137655759708838,ecdf,0.006921560517686744,1,500,d0,1
0.72,0.1952080896237114,0.178,0.09228256557260331,ecdf,0.006983695296904068,1,500,d0,1
0.73,0.1978487202263096,0.18233333333333332,0.08166618565284876,ecdf,0.007049536365106784,1,500,d0,1
0.74,0.20048649022150355,0.18766666666666668,0.06607952456350041,ecdf,0.007128531613380344,1,500,d0,1
0.75,0.20312136448815293,0.19166666666666668,0.0580459028901139,ecdf,0.007186342499388581,1,500,d0,1
0.76,0.2057533080638442,0.19533333333333333,0.05197041659360244,ecdf,0.007238282996729317,1,500,d0,1
0.77,0.2083822861465646,0.20066666666666666,0.03772915032914055,ecdf,0.007312080314009038,1,500,d0,1
0.78,0.21100826409635792,0.20466666666666666,0.030514659563502786,ecdf,0.007366098520072034,1,500,d0,1
0.79,0.21363120743696332,0.209,0.021916946682311318,ecdf,0.007423364017299255,1,500,d0,1
0.8,0.21625108185743552,0.21166666666666667,0.021427438383843016,ecdf,0.007457968644094469,1,500,d0,1
0.81,0.2188678532137475,0.21566666666666667,0.014734131875750315,ecdf,0.007508984741751168,1,500,d0,1
0.8200000000000001,0.22148148753037505,0.22066666666666668,0.0036857409825073904,ecdf,0.007571281020824435,1,500,d0,1
0.8300000000000001,0.2240919510018628,0.22466666666666665,-0.0025613590753729427,ecdf,0.0076199640321888565,1,500,d0,1
0.8400000000000001,0.226699209994372,0.22833333333333333,-0.0071824768931797985,ecdf,0.007663707158249681,1,500,d0,1
0.85,0.22930323104720982,0.23533333333333334,-0.025957668143803906,ecdf,0.007744924263790567,1,500,d0,1
0.86,0.2319039808743399,0.23966666666666667,-0.0329256585983861,ecdf,0.007793727297332464,1,500,d0,1
0.87,0.23450142636587423,0.24366666666666667,-0.03833950063014823,ecdf,0.00783779778216267,1,500,d0,1
0.88,0.23709553458954613,0.24833333333333332,-0.04630877026515924,ecdf,0.007888047685980119,1,500,d0,1
0.89,0.23968627279216423,0.25333333333333335,-0.055375273096490846,ecdf,0.007940519621023039,1,500,d0,1
0.9,0.2422736084010474,0.25866666666666666,-0.06547253079274819,ecdf,0.007994961376229869,1,500,d0,1
0.91,0.24485750902544018,0.2623333333333333,-0.06893951421154638,ecdf,0.00803149125952658,1,500,d0,1
0.92,0.24743794245790948,0.265,-0.0685700129611908,ecdf,0.008057605103254937,1,500,d0,1
0.93,0.2500148766757213,0.269,-0.07319095680716109,ecdf,0.008096069004976015,1,500,d0,1
0.9400000000000001,0.2525882798421982,0.274,-0.0813672956391644,ecdf,0.00814297243026157,1,500,d0,1
0.9500000000000001,0.2551581203080574,0.2773333333333333,-0.08333671952517517,ecdf,0.00817352546448095,1,500,d0,1
0.9600000000000001,0.25772436661272835,0.28,-0.08289893579879068,ecdf,0.00819756061276768,1,500,d0,1
0.97,0.2602869874856519,0.283,-0.08366207734310087,ecdf,0.008224171690814826,1,500,d0,1
0.98,0.2628459518475579,0.289,-0.09485856196401991,ecdf,0.008276049782353898,1,500,d0,1
0.99,0.26540122881172484,0.29333333333333333,-0.10006686688011165,ecdf,0.00831241819787096,1,500,d0,1
1,0.2679527876852174,0.299,-0.1096327737524346,ecdf,0.008358608337117688,1,500,d0,1
